id,name,primary_industry,secondary_industries,created_at,flagged_dup_requirements,dup_shared_count,flagged_industry_mismatch,mismatch_tier,mismatch_keyword,expected_any_of
004e473d-0260-4a99-bc09-9a20c62d37c9,Franchise Architect,Entrepreneurship,"Business & Finance,Education & Coaching",2026-07-28T02:56:25.323996+00:00,no,,yes,HIGH,Architect,Architecture & Urban Planning / Tech & Engineering / Design & Creative
00ef9938-9c88-4c9c-9197-093e59b9bcea,Costume Designer,Sports & Fitness,"Healthcare & Medicine,Marketing & Communications,Architecture & Urban Planning",2026-04-22T02:52:30.47108+00:00,no,,yes,LOW,Actor,Arts & Performance / Media & Journalism
017a7366-d430-4a11-a0b3-b0cebf4b8b73,Media Accessibility Auditor,Media & Journalism,"Tech & Engineering,Design & Creative",2026-08-12T02:27:46.857274+00:00,no,,yes,HIGH,Auditor,Business & Finance / Law & Government
01820c71-7052-4f4d-a81b-7e8709d76c94,Adaptive Infrastructure Planner,Architecture & Urban Planning,"Science & Research,Environment & Sustainability",2026-08-18T01:35:12.760028+00:00,no,,yes,LOW,Systems,Tech & Engineering / Cybersecurity / Supply Chain & Operations
01afc0f0-44a7-47aa-b696-b49b7398769b,Nonprofit Finance Manager,Gaming & Esports,"Tech & Engineering,Marketing & Communications,Science & Research",2026-04-22T02:52:34.239097+00:00,no,,yes,HIGH,Nonprofit,Social Impact & Nonprofit / Business & Finance
02d6755b-6c1d-4b8c-bbaf-8189af076ad7,Color Grading Specialist (Textiles),Fashion & Beauty,"Design & Creative,Science & Research",2026-05-30T02:02:38.956261+00:00,no,,yes,LOW,Software,Tech & Engineering / Gaming & Esports / Cybersecurity
03da94b3-8d37-4a09-b0ad-f8352a3ca0fe,Convention & Visitors Bureau Director,Gaming & Esports,"Tech & Engineering,Marketing & Communications,Science & Research",2026-04-22T02:52:33.087307+00:00,no,,yes,LOW,Hotel,Hospitality & Events
05c5d0ad-a95d-4ac8-a23c-fefdf793a1ac,Otolaryngologist,Social Impact & Nonprofit,"Education & Coaching,Law & Government",2026-04-22T02:52:30.47108+00:00,no,,yes,LOW,Patient,Healthcare & Medicine
05dcd0b1-d261-4394-a182-bd6f7eb36738,Cultural Events Programmer,Arts & Performance,"Hospitality & Events,Business & Finance",2026-07-08T03:23:01.696225+00:00,no,,yes,HIGH,Programmer,Tech & Engineering / Gaming & Esports
0669af5a-4717-43d0-a977-2c9750311c2d,Obstacle Course Race Director,Sports & Fitness,"Hospitality & Events,Entrepreneurship",2026-04-27T07:59:37.713825+00:00,no,,yes,LOW,Logistics,Supply Chain & Operations / Aviation & Transportation
06dc2f64-a510-46a8-80bc-3704e8df2e0d,Virtual Coaching Platform Founder,Entrepreneurship,"Education & Coaching,Tech & Engineering",2026-07-08T03:23:47.418131+00:00,no,,yes,LOW,Fitness,Sports & Fitness / Healthcare & Medicine
07b558c9-4d57-41f5-adbd-e43747f6da00,Hairstylist (Specialty Cuts),Environment & Sustainability,"Science & Research,Law & Government,Tech & Engineering",2026-04-22T02:52:33.477982+00:00,no,,yes,HIGH,Hairstylist,Fashion & Beauty
0842dca2-07be-4928-bc9d-e02a3558576d,Wedding Planner (Destination Events),Hospitality & Events,"Design & Creative,Entrepreneurship",2026-04-25T06:07:10.87779+00:00,no,,yes,LOW,Logistics,Supply Chain & Operations / Aviation & Transportation
08571bc2-35d3-48ca-a015-80e87e72d1c1,Eco-Friendly Product Founder,Entrepreneurship,"Environment & Sustainability,Design & Creative",2026-06-29T04:28:43.320081+00:00,no,,yes,LOW,Supply Chain,Supply Chain & Operations
08c8759a-4eec-4f7d-8303-b88c0c8889cc,Perfumery Designer,Fashion & Beauty,"Design & Creative,Science & Research",2026-06-13T02:14:27.228538+00:00,no,,yes,LOW,Marketing,Marketing & Communications / Business & Finance / Media & Journalism
08cb6860-2041-4cb3-83b9-527110f4214e,Podcast Host,Entrepreneurship,"Business & Finance,Tech & Engineering,Architecture & Urban Planning",2026-04-22T02:52:34.05043+00:00,no,,yes,HIGH,Podcast,Media & Journalism / Arts & Performance / Marketing & Communications
09130ec2-bb45-4968-80ad-724edd6a37d9,Theater Director,Media & Journalism,"Science & Research,Healthcare & Medicine,Tech & Engineering,Architecture & Urban Planning",2026-04-22T02:52:29.646164+00:00,no,,yes,HIGH,Theater,Arts & Performance
0ae330f0-4999-41ee-aef7-5451adb82e02,Local Delivery Logistics Startup Founder,Entrepreneurship,"Tech & Engineering,Business & Finance",2026-06-12T02:34:11.555263+00:00,no,,yes,HIGH,Logistics,Supply Chain & Operations / Aviation & Transportation
0c20c515-f7a4-4841-8a2b-27d39d5cf5b7,Acting Coach,Sports & Fitness,"Healthcare & Medicine,Marketing & Communications,Architecture & Urban Planning",2026-04-22T02:52:33.675655+00:00,no,,yes,LOW,Actor,Arts & Performance / Media & Journalism
0e891500-52d6-40bb-884e-b558f5b9b2a8,Wig Designer,Science & Research,"Healthcare & Medicine,Tech & Engineering,Architecture & Urban Planning",2026-04-22T02:52:30.655222+00:00,no,,yes,LOW,Performer,Arts & Performance / Sports & Fitness
0f040003-9821-4da6-9483-f8dc9382e48c,Organ Transplant Coordinator,Healthcare & Medicine,"Social Impact & Nonprofit,Law & Government",2026-04-28T07:58:02.446543+00:00,no,,yes,LOW,Logistics,Supply Chain & Operations / Aviation & Transportation
0fab5c53-ac9b-4584-86c1-3a1c420c4088,Nonprofit Accountant,Social Impact & Nonprofit,"Education & Coaching,Law & Government,Science & Research",2026-04-22T02:52:31.845128+00:00,no,,yes,HIGH,Accountant,Business & Finance
0fe6f527-bd75-41e6-93d9-c61d5d23a943,Sustainable Textiles Specialist,Environment & Sustainability,"Science & Research,Law & Government,Tech & Engineering",2026-04-22T02:52:33.087307+00:00,no,,yes,LOW,Fashion,Fashion & Beauty / Design & Creative / Arts & Performance
1031b8b4-a778-4e84-b88c-1559d658a39c,Industrial Spatial Planner,Design & Creative,"Tech & Engineering,Business & Finance",2026-06-04T02:40:44.955522+00:00,no,,yes,LOW,Warehouse,Supply Chain & Operations
104f74db-06ab-4264-9884-8c8d6ac61e83,Corporate Retreat Planner,Hospitality & Events,"Business & Finance,Design & Creative",2026-04-25T06:07:14.077119+00:00,no,,yes,LOW,Logistics,Supply Chain & Operations / Aviation & Transportation
10884b89-8bdf-493c-aa27-f244e3ebcccf,Local Food Distribution Founder,Entrepreneurship,"Environment & Sustainability,Social Impact & Nonprofit",2026-07-03T03:50:13.161413+00:00,no,,yes,LOW,Supply Chain,Supply Chain & Operations
10dc5bd8-17b0-4154-ae3d-9976d5beb95a,Vintage Clothing Authenticator,Fashion & Beauty,"Design & Creative,Entrepreneurship",2026-05-19T02:14:02.224448+00:00,no,,yes,LOW,Database,Tech & Engineering / Cybersecurity
1165cdce-5720-4f65-9191-cdd1893b6cb0,Festival Coordinator,Hospitality & Events,"Arts & Performance,Entrepreneurship",2026-06-13T02:14:30.650395+00:00,no,,yes,LOW,Logistics,Supply Chain & Operations / Aviation & Transportation
11c3df0d-786a-48c8-97da-5f02ad0f18c0,Social Media Entrepreneur (Personal Brand),Entrepreneurship,"Media & Journalism,Design & Creative",2026-05-28T02:01:23.229626+00:00,no,,yes,LOW,Algorithm,Tech & Engineering / Science & Research / Gaming & Esports
1225f289-838c-4818-adfe-fe7108f20cf2,Textiles Quality Control Inspector,Fashion & Beauty,"Design & Creative,Science & Research",2026-05-16T02:00:36.54075+00:00,no,,yes,MEDIUM,Inspector,Law & Government / Environment & Sustainability / Architecture & Urban Planning / Supply Chain & Operations / Food & Culinary / Aviation & Transportation
1253ebf8-6216-44ba-a37c-9ffbd9db81a9,MRI Technologist,Gaming & Esports,"Tech & Engineering,Marketing & Communications,Science & Research",2026-04-22T02:52:31.392704+00:00,no,,yes,LOW,Patient,Healthcare & Medicine
1257e7af-4351-4465-8ad3-caea767aaa72,Radio Host,Gaming & Esports,"Tech & Engineering,Marketing & Communications,Social Impact & Nonprofit",2026-04-22T02:52:31.660242+00:00,no,,yes,LOW,Broadcast,Media & Journalism / Arts & Performance
1346d6a5-ede7-44a8-9188-13a73e8b0fec,Gymnastics Coach,Environment & Sustainability,"Science & Research,Law & Government,Tech & Engineering",2026-04-22T02:52:33.86077+00:00,no,,yes,MEDIUM,Coach,Sports & Fitness / Education & Coaching / Business & Finance / Social Impact & Nonprofit
1377a2ea-e42b-488a-9733-32fcb9856b19,Textile Quality Inspector,Marketing & Communications,"Business & Finance,Design & Creative,Media & Journalism",2026-04-22T02:52:34.465719+00:00,no,,yes,MEDIUM,Inspector,Law & Government / Environment & Sustainability / Architecture & Urban Planning / Supply Chain & Operations / Food & Culinary / Aviation & Transportation
139efc5b-1afd-45c0-8f8c-597e891cbbf6,Healthcare Startup Founder,Entrepreneurship,"Business & Finance,Tech & Engineering",2026-06-19T02:54:19.116396+00:00,no,,yes,LOW,Medical,Healthcare & Medicine / Science & Research
1579f2e9-966d-41ef-a6eb-738e87726161,Research Pilot (Flight Testing),Science & Research,"Tech & Engineering,Entrepreneurship",2026-05-22T02:15:12.347574+00:00,no,,yes,HIGH,Pilot,Aviation & Transportation / Sports & Fitness
1591ef12-07e6-4edb-a780-f162a0e78e1f,Commercial Underwriter,Media & Journalism,"Marketing & Communications,Arts & Performance,Science & Research",2026-04-22T02:52:32.905098+00:00,no,,yes,HIGH,Underwriter,Business & Finance
17645c05-36b1-44e3-9d81-c7ee4c0914c3,Hotel Sustainability Coordinator,Supply Chain & Operations,"Business & Finance,Tech & Engineering,Science & Research",2026-04-22T02:52:32.086589+00:00,no,,yes,HIGH,Hotel,Hospitality & Events
179e11bb-c901-4e20-b8d4-d14f9660ec39,Sustainability Accountant,Environment & Sustainability,"Science & Research,Law & Government,Tech & Engineering",2026-04-22T02:52:33.087307+00:00,no,,yes,HIGH,Accountant,Business & Finance
18408074-34a6-4bc7-8573-3f00e9c72e5a,Commodity Trading Analyst,Business & Finance,"Entrepreneurship,Tech & Engineering",2026-04-27T07:58:02.130786+00:00,no,,yes,LOW,Supply Chain,Supply Chain & Operations
19616977-adfe-472f-8265-b7ee7a88d97f,Boutique Fitness Studio Owner,Gaming & Esports,"Tech & Engineering,Marketing & Communications,Architecture & Urban Planning",2026-04-22T02:52:33.86077+00:00,no,,yes,HIGH,Fitness,Sports & Fitness / Healthcare & Medicine
1b52ef0b-787f-4010-89eb-874784fc2f4b,Large Animal Veterinarian,Hospitality & Events,"Food & Culinary,Marketing & Communications",2026-04-22T02:52:34.05043+00:00,no,,yes,HIGH,Veterinarian,Healthcare & Medicine / Science & Research
1b919930-da01-42a8-8f43-7e2620668bc3,Textile Technologist,Supply Chain & Operations,"Business & Finance,Tech & Engineering,Science & Research",2026-04-22T02:52:34.239097+00:00,no,,yes,LOW,Athletic,Sports & Fitness / Healthcare & Medicine / Education & Coaching
1b9ab3e8-6cf7-4c50-abf6-76555442d0f3,Supply Chain Finance Analyst,Business & Finance,"Tech & Engineering,Entrepreneurship",2026-05-08T02:03:29.693093+00:00,no,,yes,HIGH,Supply Chain,Supply Chain & Operations
1cf5ac86-81ce-4f0f-9408-e82cccddd041,Audio Engineer (Recording Studio),Media & Journalism,"Arts & Performance,Design & Creative",2026-07-17T03:17:48.796617+00:00,no,,yes,LOW,Software,Tech & Engineering / Gaming & Esports / Cybersecurity
1d961ffa-ed6d-44a3-993b-692160810809,Energy Auditor (Building Performance),Environment & Sustainability,"Science & Research,Tech & Engineering",2026-06-18T02:39:39.87294+00:00,no,,yes,HIGH,Auditor,Business & Finance / Law & Government
1e5cc23f-d163-4bab-9284-b96c0360afa3,Mobile App Developer (Indie),Marketing & Communications,"Business & Finance,Design & Creative,Architecture & Urban Planning",2026-04-22T02:52:34.239097+00:00,no,,yes,HIGH,Developer,Tech & Engineering / Gaming & Esports / Cybersecurity / Media & Journalism
1f094529-5341-41f1-b8ec-e94566b79ec4,Event Production Coordinator,Hospitality & Events,"Design & Creative,Business & Finance",2026-04-27T08:01:25.963639+00:00,no,,yes,LOW,Logistics,Supply Chain & Operations / Aviation & Transportation
1f81395d-a4f5-450f-bb5d-3c19b223399d,Corporate Comptroller,Arts & Performance,"Media & Journalism,Design & Creative,Science & Research",2026-04-22T02:52:33.295118+00:00,no,,yes,LOW,Compliance,Law & Government / Business & Finance / Healthcare & Medicine / Cybersecurity / Environment & Sustainability / Supply Chain & Operations
203d3789-0561-4759-8c8e-3f0f5c18e689,Investment Advisor,Cybersecurity,"Tech & Engineering,Law & Government,Science & Research",2026-04-22T02:52:32.680575+00:00,no,,yes,HIGH,Investment,Business & Finance
21437a59-aeb9-45c9-b20c-f63f13c8b6ac,Underwriter,Media & Journalism,"Marketing & Communications,Arts & Performance,Science & Research",2026-04-22T02:52:30.655222+00:00,no,,yes,HIGH,Underwriter,Business & Finance
21668cb4-fdd7-491a-9986-76fcb5fb83fd,Local Delivery Network Operator,Entrepreneurship,"Business & Finance,Tech & Engineering",2026-05-03T01:53:08.461502+00:00,no,,yes,LOW,Logistics,Supply Chain & Operations / Aviation & Transportation
23ad51ef-dc6b-404a-ae99-36228148b948,Meeting Planner,Hospitality & Events,"Business & Finance,Design & Creative",2026-07-06T04:06:34.289723+00:00,no,,yes,LOW,Logistics,Supply Chain & Operations / Aviation & Transportation
243a90f3-43ed-4a1e-8f2b-69916814f830,Cosmetic Dermatologist,Fashion & Beauty,"Design & Creative,Marketing & Communications,Arts & Performance",2026-04-22T02:52:31.392704+00:00,no,,yes,LOW,Medical,Healthcare & Medicine / Science & Research
2449d955-7e9b-41e7-a6c8-b171f1fae8fe,Wellness Retreat Operator,Entrepreneurship,"Hospitality & Events,Healthcare & Medicine",2026-06-24T04:06:11.368302+00:00,no,,yes,LOW,Marketing,Marketing & Communications / Business & Finance / Media & Journalism
246ebdb5-44c2-4250-aebc-6e90f90129e2,Medical Device Salesperson,Entrepreneurship,"Business & Finance,Tech & Engineering,Architecture & Urban Planning",2026-04-22T02:52:33.675655+00:00,no,,yes,MEDIUM,Medical,Healthcare & Medicine / Science & Research
24ee8891-c0c4-4ecf-940b-3a55fe4406b4,Boutique Hotel Owner,Marketing & Communications,"Business & Finance,Design & Creative,Science & Research",2026-04-22T02:52:33.295118+00:00,no,,yes,HIGH,Hotel,Hospitality & Events
2581a638-3201-4892-bc46-48b2b5c8dcd0,Convention Manager,Hospitality & Events,"Business & Finance,Media & Journalism",2026-06-27T03:59:12.025473+00:00,no,,yes,LOW,Logistics,Supply Chain & Operations / Aviation & Transportation
26be8616-e8f5-44f5-8d35-ef87be11d46c,Live Theater Lighting Technician,Science & Research,"Healthcare & Medicine,Tech & Engineering,Architecture & Urban Planning",2026-04-22T02:52:30.082186+00:00,no,,yes,HIGH,Theater,Arts & Performance
2850a847-34de-4064-93e1-13895552007b,Supply Chain Tech Entrepreneur,Entrepreneurship,"Tech & Engineering,Business & Finance",2026-07-15T02:52:57.998957+00:00,no,,yes,HIGH,Supply Chain,Supply Chain & Operations
28ae8f72-5006-42af-a07a-6b1bedb4f797,Advanced Placement (AP) Test Coordinator,Education & Coaching,"Business & Finance,Law & Government",2026-07-22T03:18:15.770315+00:00,no,,yes,LOW,Logistics,Supply Chain & Operations / Aviation & Transportation
2a860729-3426-4335-83dc-0a8f80196443,Community Benefit Agreement Negotiator,Social Impact & Nonprofit,"Law & Government,Architecture & Urban Planning",2026-08-12T02:27:24.841074+00:00,no,,yes,LOW,Developer,Tech & Engineering / Gaming & Esports / Cybersecurity / Media & Journalism
2bb9210a-9a3b-479d-9f4c-8592f1bd661a,Wig Specialist,Fashion & Beauty,"Design & Creative,Marketing & Communications,Architecture & Urban Planning",2026-04-22T02:52:32.086589+00:00,no,,yes,LOW,Theater,Arts & Performance
2c896c2c-5b5c-4942-8cc4-2b4f4093da1b,Opera House Manager,Hospitality & Events,"Food & Culinary,Marketing & Communications,Science & Research",2026-04-22T02:52:29.422718+00:00,no,,yes,LOW,Performer,Arts & Performance / Sports & Fitness
2e24e391-736a-4ecc-8299-19f2d4d9b751,Makeup Effects Artist (Non-Theater),Fashion & Beauty,"Media & Journalism,Design & Creative",2026-06-22T03:23:45.401201+00:00,no,,yes,HIGH,Theater,Arts & Performance
2e4ee350-aef1-4bf9-ad6c-f92b7d349db1,Franchise Territory Developer,Entrepreneurship,Business & Finance,2026-07-28T02:55:54.674267+00:00,no,,yes,HIGH,Developer,Tech & Engineering / Gaming & Esports / Cybersecurity / Media & Journalism
30322d1d-c57a-436b-84c0-9f030ab8f1af,Beauty Algorithm Auditor,Fashion & Beauty,"Tech & Engineering,Marketing & Communications",2026-08-12T02:28:38.881412+00:00,no,,yes,HIGH,Auditor,Business & Finance / Law & Government
303ce7cb-9d25-43d2-b858-0504d45eb8e8,Travel Experience Curator,Hospitality & Events,"Design & Creative,Business & Finance",2026-06-25T04:05:57.970438+00:00,no,,yes,LOW,Logistics,Supply Chain & Operations / Aviation & Transportation
315fdacd-41ec-4076-9b48-1b9ec4b35eff,Sports Physician,Gaming & Esports,"Tech & Engineering,Marketing & Communications,Media & Journalism",2026-04-22T02:52:34.239097+00:00,no,,yes,HIGH,Physician,Healthcare & Medicine
32674af8-773c-43ec-919f-5e78dce47d2f,Fitness Program Developer,Sports & Fitness,"Education & Coaching,Healthcare & Medicine",2026-06-22T02:44:31.472178+00:00,no,,yes,HIGH,Developer,Tech & Engineering / Gaming & Esports / Cybersecurity / Media & Journalism
32a5158a-66d5-4f78-844a-402730b39465,Strength Training Programmer,Sports & Fitness,"Education & Coaching,Healthcare & Medicine",2026-05-19T02:14:33.737826+00:00,no,,yes,HIGH,Programmer,Tech & Engineering / Gaming & Esports
3336eb72-cf33-4048-b50e-fd625ac715c1,Commercial Real Estate Appraiser,Science & Research,"Healthcare & Medicine,Tech & Engineering,Architecture & Urban Planning",2026-04-22T02:52:33.86077+00:00,no,,yes,LOW,Investment,Business & Finance
334d53b3-cf33-4be1-b316-0d37daa31652,Marathon Race Director,Gaming & Esports,"Tech & Engineering,Marketing & Communications,Science & Research",2026-04-22T02:52:29.856816+00:00,no,,yes,LOW,Logistics,Supply Chain & Operations / Aviation & Transportation
336f5779-3db6-46c3-9970-f5c28f84427c,Import/Export Coordinator,Business & Finance,"Law & Government,Entrepreneurship",2026-04-26T06:32:09.989627+00:00,no,,yes,LOW,Logistics,Supply Chain & Operations / Aviation & Transportation
350bbc5d-cc0e-4e73-a448-e5564c8e3a8b,Cinematographer,Science & Research,"Healthcare & Medicine,Tech & Engineering,Marketing & Communications",2026-04-22T02:52:31.845128+00:00,no,,yes,HIGH,Cinematograph,Media & Journalism / Arts & Performance
351ea812-ce3f-45cc-babb-dc0d8112274e,Heritage Site Manager,Arts & Performance,"Education & Coaching,Law & Government",2026-06-02T02:37:11.599787+00:00,no,,yes,LOW,Conservation,Environment & Sustainability / Science & Research / Social Impact & Nonprofit
35596978-4721-438e-9436-0596c964c110,Arts Administrator,Gaming & Esports,"Tech & Engineering,Marketing & Communications,Supply Chain & Operations",2026-04-22T02:52:29.206458+00:00,no,,yes,LOW,Theater,Arts & Performance
356b8664-76f3-4a2a-b352-8cc9d59c8d1d,Forensic Accountant,Cybersecurity,"Tech & Engineering,Law & Government,Science & Research",2026-04-22T02:52:30.082186+00:00,no,,yes,HIGH,Accountant,Business & Finance
36a016d3-e356-47b7-b16c-cfd562203f31,Band Manager,Arts & Performance,"Business & Finance,Entrepreneurship",2026-08-07T02:55:27.419977+00:00,no,,yes,LOW,Logistics,Supply Chain & Operations / Aviation & Transportation
36d61545-c9ef-4549-8a93-7292116c927e,Fluid Dynamics Engineer,Science & Research,"Tech & Engineering,Environment & Sustainability",2026-04-22T06:27:22.580869+00:00,no,,yes,LOW,Aircraft,Aviation & Transportation
37737717-2ef7-48a7-9006-83bacb9bf09f,Artisanal Food Producer,Entrepreneurship,"Environment & Sustainability,Design & Creative",2026-04-22T02:52:34.465719+00:00,no,,yes,LOW,Marketing,Marketing & Communications / Business & Finance / Media & Journalism
39262a81-2f26-4c66-8eee-c48e1db6274e,Corporate Events Coordinator,Hospitality & Events,"Business & Finance,Design & Creative",2026-04-22T02:52:33.477982+00:00,no,,yes,LOW,Logistics,Supply Chain & Operations / Aviation & Transportation
399b0273-566a-4e6e-8fcf-49e37e081f44,Set Decorator,Supply Chain & Operations,"Business & Finance,Tech & Engineering,Architecture & Urban Planning",2026-04-22T02:52:30.655222+00:00,no,,yes,LOW,Theater,Arts & Performance
3a9432cf-ce89-424d-92b1-af341e74d8dc,Music Venue Manager,Arts & Performance,"Hospitality & Events,Business & Finance",2026-06-22T03:27:18.569313+00:00,no,,yes,LOW,Logistics,Supply Chain & Operations / Aviation & Transportation
3be2b0d6-71ba-405d-aa4e-3472126e3ab8,Micro-Fulfillment Startup Founder,Entrepreneurship,"Tech & Engineering,Business & Finance",2026-04-28T07:57:37.517287+00:00,no,,yes,LOW,Logistics,Supply Chain & Operations / Aviation & Transportation
3c72616d-cceb-4b55-9519-d97183a8a5ce,Volunteer Recruiter,Gaming & Esports,"Tech & Engineering,Marketing & Communications,Architecture & Urban Planning",2026-04-22T02:52:31.20659+00:00,no,,yes,LOW,Nonprofit,Social Impact & Nonprofit / Business & Finance
3ce79dd1-e058-4d3c-ad46-7dd1e64f7745,Tour Operator,Hospitality & Events,"Business & Finance,Entrepreneurship",2026-05-04T01:54:19.397919+00:00,no,,yes,LOW,Logistics,Supply Chain & Operations / Aviation & Transportation
3d044cbd-a4ae-4e07-9e6b-52ac515ef183,Conference Logistics Manager,Hospitality & Events,"Business & Finance,Education & Coaching",2026-04-22T02:52:32.271017+00:00,no,,yes,HIGH,Logistics,Supply Chain & Operations / Aviation & Transportation
3df21171-30f7-470d-987b-18aa1edcbce0,Makeup Brand Founder,Marketing & Communications,"Business & Finance,Design & Creative,Science & Research",2026-04-22T02:52:32.905098+00:00,no,,yes,HIGH,Makeup,Fashion & Beauty / Arts & Performance / Media & Journalism
3dfc9fca-13de-4238-8fee-8c6b6bc7c35c,Vending Machine Route Owner,Entrepreneurship,"Business & Finance,Hospitality & Events",2026-04-26T06:30:28.990053+00:00,no,,yes,LOW,Logistics,Supply Chain & Operations / Aviation & Transportation
3eba22d6-294e-4e94-9cbf-04724574c91a,Sustainable Fashion Brand Developer,Fashion & Beauty,"Entrepreneurship,Environment & Sustainability",2026-07-09T03:50:45.354358+00:00,no,,yes,HIGH,Developer,Tech & Engineering / Gaming & Esports / Cybersecurity / Media & Journalism
3f3240c5-19e0-4bad-a6ff-ae7beb034ead,Telecommunications Engineer,Tech & Engineering,"Science & Research,Business & Finance",2026-04-29T01:59:35.614171+00:00,no,,yes,LOW,Broadcast,Media & Journalism / Arts & Performance
3f45fb90-0589-4556-87fa-d0323a7df4a1,Artist-in-Residence Coordinator,Arts & Performance,"Education & Coaching,Hospitality & Events",2026-07-19T03:25:35.798683+00:00,no,,yes,LOW,Logistics,Supply Chain & Operations / Aviation & Transportation
3f75b8b3-b3ed-4f8b-a482-a24c546c105a,Online Course Marketplace Founder,Entrepreneurship,"Tech & Engineering,Education & Coaching",2026-06-16T02:45:31.595739+00:00,no,,yes,LOW,Marketing,Marketing & Communications / Business & Finance / Media & Journalism
400bc728-5c94-42f7-9c80-fed069583bd2,Subscription Meal Service Operator,Entrepreneurship,"Hospitality & Events,Business & Finance",2026-05-22T02:14:46.132356+00:00,no,,yes,LOW,Logistics,Supply Chain & Operations / Aviation & Transportation
40fc3860-e2be-417e-98f6-13f2d102ed62,Theater Operations Manager,Supply Chain & Operations,"Business & Finance,Tech & Engineering,Science & Research",2026-04-22T02:52:30.082186+00:00,no,,yes,HIGH,Theater,Arts & Performance
410f1592-53c1-4c63-9911-4da88f0ff170,Gastroenterologist,Hospitality & Events,"Food & Culinary,Marketing & Communications,Science & Research",2026-04-22T02:52:29.422718+00:00,no,,yes,LOW,Patient,Healthcare & Medicine
41e1a288-8afb-4988-97c9-afcbd8a5afc4,Performer Coach,Supply Chain & Operations,"Business & Finance,Tech & Engineering,Architecture & Urban Planning",2026-04-22T02:52:32.905098+00:00,no,,yes,HIGH,Performer,Arts & Performance / Sports & Fitness
42177d69-fb96-4403-9716-c0a4569391db,Wig and Hairpiece Specialist,Supply Chain & Operations,"Business & Finance,Tech & Engineering,Science & Research",2026-04-22T02:52:32.680575+00:00,no,,yes,LOW,Theater,Arts & Performance
43237668-6cce-4db3-92fb-ada4b2264862,Sustainable Textile Developer,Fashion & Beauty,"Science & Research,Design & Creative",2026-05-18T02:13:11.430212+00:00,no,,yes,HIGH,Developer,Tech & Engineering / Gaming & Esports / Cybersecurity / Media & Journalism
446d5916-1dcc-48f5-a519-0319bd9d1698,Dance Fitness Instructor,Gaming & Esports,"Tech & Engineering,Marketing & Communications,Architecture & Urban Planning",2026-04-22T02:52:33.675655+00:00,no,,yes,HIGH,Fitness,Sports & Fitness / Healthcare & Medicine
4512442a-5707-4043-a5e3-f4140107810d,VIP Services Manager,Hospitality & Events,Business & Finance,2026-05-18T02:14:22.451862+00:00,no,,yes,LOW,Logistics,Supply Chain & Operations / Aviation & Transportation
4525058b-d872-4534-9265-a41b1420ca31,Event Planner,Supply Chain & Operations,"Business & Finance,Tech & Engineering,Science & Research",2026-04-22T02:52:32.271017+00:00,no,,yes,HIGH,Event Planner,Hospitality & Events / Marketing & Communications
45d784d4-902f-4538-826f-a1da9d71dca5,Lighting Designer,Hospitality & Events,"Food & Culinary,Marketing & Communications,Architecture & Urban Planning",2026-04-22T02:52:29.856816+00:00,no,,yes,LOW,Theater,Arts & Performance
46783e2b-7410-426a-a4f5-5ac2e9443280,TikTok Content Creator,Media & Journalism,"Design & Creative,Entrepreneurship",2026-06-21T02:42:07.312251+00:00,no,,yes,LOW,Algorithm,Tech & Engineering / Science & Research / Gaming & Esports
4749560f-acaa-4f82-ac6f-d43e8da660ec,Pharmacy Technician,Supply Chain & Operations,"Business & Finance,Tech & Engineering",2026-04-22T02:52:33.477982+00:00,no,,yes,HIGH,Pharmacy,Healthcare & Medicine
4774fc21-d6b4-4da2-97c5-a4334483097b,Media Relations Manager,Marketing & Communications,"Business & Finance,Design & Creative,Entrepreneurship",2026-04-22T02:52:30.264317+00:00,no,,yes,LOW,Journalist,Media & Journalism
480bbaf9-bd6e-4e2b-afb3-ba07f9338f22,Event Logistics Coordinator,Hospitality & Events,"Business & Finance,Design & Creative",2026-04-22T02:52:29.422718+00:00,no,,yes,HIGH,Logistics,Supply Chain & Operations / Aviation & Transportation
48485795-328a-4990-9d06-c35889a7e1b8,Community Developer,Social Impact & Nonprofit,"Education & Coaching,Law & Government",2026-04-23T06:29:35.461758+00:00,no,,yes,HIGH,Developer,Tech & Engineering / Gaming & Esports / Cybersecurity / Media & Journalism
4965c22b-d8f4-416e-a17b-fa254dd7c675,Vintage Fashion Authenticator,Supply Chain & Operations,"Business & Finance,Tech & Engineering,Science & Research",2026-04-22T02:52:30.47108+00:00,no,,yes,HIGH,Fashion,Fashion & Beauty / Design & Creative / Arts & Performance
497659e6-c76c-4072-88c0-31623ef608af,Street Performance Coordinator,Arts & Performance,"Hospitality & Events,Entrepreneurship",2026-05-27T02:16:52.198859+00:00,no,,yes,LOW,Logistics,Supply Chain & Operations / Aviation & Transportation
4ab6ea6d-20de-4533-80f6-d50d796c574a,Arts Residency Coordinator,Arts & Performance,"Education & Coaching,Social Impact & Nonprofit",2026-06-23T04:02:48.068967+00:00,no,,yes,LOW,Logistics,Supply Chain & Operations / Aviation & Transportation
4b57890d-7b25-438c-949f-a9af1e799181,Investment Banker,Science & Research,"Healthcare & Medicine,Tech & Engineering",2026-04-22T02:52:32.680575+00:00,no,,yes,HIGH,Investment,Business & Finance
4b68fb43-19df-4c77-b607-cb103569cd01,Software Engineer Manager,Architecture & Urban Planning,"Design & Creative,Environment & Sustainability",2026-04-22T02:52:31.845128+00:00,no,,yes,HIGH,Software,Tech & Engineering / Gaming & Esports / Cybersecurity
4bca9a6e-1a5d-4713-97e2-894ffceca555,Hyperlocal Delivery Startup Founder,Entrepreneurship,"Tech & Engineering,Business & Finance",2026-06-01T02:39:06.188591+00:00,no,,yes,LOW,Logistics,Supply Chain & Operations / Aviation & Transportation
4c02782e-e221-4cf0-b43a-6da4d104b69a,Coast Guard Officer,Law & Government,"Healthcare & Medicine,Social Impact & Nonprofit",2026-04-29T02:00:59.113899+00:00,no,,yes,LOW,Maritime,Aviation & Transportation / Supply Chain & Operations / Environment & Sustainability
4e940091-eb66-461b-b503-4f40f0f7ae52,Marketplace Arbitrage Entrepreneur,Entrepreneurship,"Business & Finance,Tech & Engineering",2026-06-03T02:45:44.276161+00:00,no,,yes,LOW,Logistics,Supply Chain & Operations / Aviation & Transportation
4f5d825b-3550-4a15-bd36-7df59ce2b802,Hedge Fund Analyst,Fashion & Beauty,"Design & Creative,Marketing & Communications,Science & Research",2026-04-22T02:52:33.86077+00:00,no,,yes,LOW,Investment,Business & Finance
503ad0ac-fb76-46fc-b4fb-fff67ae402e6,Resale Platform Founder,Entrepreneurship,"Tech & Engineering,Fashion & Beauty",2026-05-18T02:12:51.299059+00:00,no,,yes,LOW,Logistics,Supply Chain & Operations / Aviation & Transportation
51f813d4-3c1d-47d9-97ce-891d299581f0,Fabric Quality Inspector,Fashion & Beauty,"Design & Creative,Business & Finance",2026-06-26T04:14:36.943299+00:00,no,,yes,MEDIUM,Inspector,Law & Government / Environment & Sustainability / Architecture & Urban Planning / Supply Chain & Operations / Food & Culinary / Aviation & Transportation
52c733ce-4fb1-4caa-a7d1-f8b2b93567cf,Signage and Wayfinding Specialist,Design & Creative,Hospitality & Events,2026-07-03T03:49:59.552387+00:00,no,,yes,LOW,Hospital,Healthcare & Medicine
534fa2f8-4a32-47dc-94ea-082835fa07e2,Nuclear Medicine Technologist,Cybersecurity,"Tech & Engineering,Law & Government,Arts & Performance",2026-04-22T02:52:32.496342+00:00,no,,yes,LOW,Patient,Healthcare & Medicine
5388b56d-5fab-4e7c-8213-aa82e87ac633,Experiential Designer (Events),Design & Creative,"Hospitality & Events,Business & Finance",2026-05-05T01:53:03.022077+00:00,no,,yes,LOW,Logistics,Supply Chain & Operations / Aviation & Transportation
56760e0e-c8c7-42f8-951f-167cffb85145,Set Electrician (Theater),Science & Research,"Healthcare & Medicine,Tech & Engineering,Architecture & Urban Planning",2026-04-22T02:52:29.646164+00:00,no,,yes,HIGH,Theater,Arts & Performance
575cccef-af3d-48f8-8ce7-c89cdccfd7dd,Concert Promoter,Arts & Performance,"Entrepreneurship,Hospitality & Events",2026-05-15T02:07:50.44903+00:00,no,,yes,LOW,Logistics,Supply Chain & Operations / Aviation & Transportation
57a44c90-0d6b-4016-bb84-ed1f799a89ff,Grooming Product Developer,Fashion & Beauty,"Science & Research,Design & Creative",2026-05-23T02:03:05.072656+00:00,no,,yes,HIGH,Developer,Tech & Engineering / Gaming & Esports / Cybersecurity / Media & Journalism
57bed206-78d9-4ffc-aabd-7bae27487ede,Specialty Food Brand Founder,Entrepreneurship,"Business & Finance,Design & Creative",2026-05-03T01:51:45.746394+00:00,no,,yes,LOW,Culinary,Food & Culinary / Hospitality & Events
57c8902d-0a83-4f74-af90-26fbaad977ca,Influencer Entrepreneur,Entrepreneurship,"Media & Journalism,Design & Creative",2026-07-15T02:53:31.949371+00:00,no,,yes,LOW,Algorithm,Tech & Engineering / Science & Research / Gaming & Esports
57f67a90-d7a5-46e7-87ee-b3782414be96,Astrochemist,Science & Research,"Healthcare & Medicine,Tech & Engineering,Architecture & Urban Planning",2026-04-22T02:52:34.465719+00:00,no,,yes,LOW,Makeup,Fashion & Beauty / Arts & Performance / Media & Journalism
586fe6e2-0c27-4394-8fc9-4357af58285e,Costume Technician,Science & Research,"Healthcare & Medicine,Tech & Engineering,Architecture & Urban Planning",2026-04-22T02:52:30.082186+00:00,no,,yes,LOW,Theater,Arts & Performance
591622e9-f328-422d-87f6-d282ec79803a,Conference Operations Manager,Hospitality & Events,"Business & Finance,Education & Coaching",2026-05-10T01:56:17.553699+00:00,no,,yes,LOW,Logistics,Supply Chain & Operations / Aviation & Transportation
59247557-5ad2-4f51-b173-295afd9fd9aa,Niche Influencer Network Founder,Entrepreneurship,"Media & Journalism,Business & Finance",2026-05-15T02:08:12.609326+00:00,no,,yes,LOW,Fashion,Fashion & Beauty / Design & Creative / Arts & Performance
594bc14b-af6f-4634-b11c-e2945866604f,Food Waste Reduction Specialist,Environment & Sustainability,"Social Impact & Nonprofit,Business & Finance",2026-08-02T03:29:40.977144+00:00,no,,yes,LOW,Supply Chain,Supply Chain & Operations
5c194434-dd4f-4b64-806d-dbb75ed6ae73,Niche Software as a Service Founder,Marketing & Communications,"Business & Finance,Design & Creative,Entrepreneurship",2026-04-22T02:52:30.655222+00:00,no,,yes,HIGH,Software,Tech & Engineering / Gaming & Esports / Cybersecurity
5cbfcfa3-6808-41b0-aa02-70a4873cce61,Volunteer Management Specialist,Gaming & Esports,"Tech & Engineering,Marketing & Communications,Science & Research",2026-04-22T02:52:34.239097+00:00,no,,yes,LOW,Nonprofit,Social Impact & Nonprofit / Business & Finance
5f10d973-7f3a-4fcb-96ec-5bda090699ac,Event Coordinator (Corporate),Hospitality & Events,"Business & Finance,Design & Creative",2026-04-30T01:58:17.554452+00:00,no,,yes,LOW,Logistics,Supply Chain & Operations / Aviation & Transportation
5f90cdae-4923-48c5-b636-a687032ce452,Registered Dietitian,Food & Culinary,"Hospitality & Events,Business & Finance,Arts & Performance",2026-04-22T02:52:32.905098+00:00,no,,yes,LOW,Hospital,Healthcare & Medicine
5fc70934-70d1-4452-a832-2359b9b6bde9,Nonprofit Fundraiser,Gaming & Esports,"Tech & Engineering,Marketing & Communications,Science & Research",2026-04-22T02:52:33.675655+00:00,no,,yes,HIGH,Nonprofit,Social Impact & Nonprofit / Business & Finance
5fca9848-c7b5-4aa3-8a06-567ff99cbf1e,Heritage Conservation Planner,Architecture & Urban Planning,"Law & Government,Education & Coaching",2026-08-12T02:23:54.916713+00:00,no,,yes,HIGH,Conservation,Environment & Sustainability / Science & Research / Social Impact & Nonprofit
6159f852-f5a5-407b-bfe1-9b4175b80109,Meeting and Convention Planner,Hospitality & Events,"Business & Finance,Design & Creative",2026-04-22T02:52:33.675655+00:00,no,,yes,LOW,Logistics,Supply Chain & Operations / Aviation & Transportation
61937333-b3fc-4e63-bfa8-cae6693355f6,Cultural Heritage Preservationist,Gaming & Esports,"Tech & Engineering,Marketing & Communications,Arts & Performance",2026-04-22T02:52:29.422718+00:00,no,,yes,LOW,Conservation,Environment & Sustainability / Science & Research / Social Impact & Nonprofit
61ca9543-b6aa-4959-b4ec-0ac7ea777849,Wedding Planner (Destination Weddings),Hospitality & Events,"Design & Creative,Business & Finance",2026-05-11T02:05:49.876048+00:00,no,,yes,LOW,Logistics,Supply Chain & Operations / Aviation & Transportation
621b28df-cffc-45f5-9928-8a17de4013f0,Beauty Product Developer,Fashion & Beauty,"Design & Creative,Marketing & Communications,Science & Research",2026-04-22T02:52:30.264317+00:00,no,,yes,HIGH,Developer,Tech & Engineering / Gaming & Esports / Cybersecurity / Media & Journalism
6370f544-b1c4-43ea-a880-46793fde3b07,Vintage Resale Marketplace Owner,Entrepreneurship,"Fashion & Beauty,Design & Creative",2026-06-15T02:43:55.107128+00:00,no,,yes,LOW,Marketing,Marketing & Communications / Business & Finance / Media & Journalism
63b1b78f-09ec-4424-bf22-3df5240a6dab,Conference Center Director,Hospitality & Events,"Business & Finance,Entrepreneurship",2026-06-18T02:39:49.197753+00:00,no,,yes,LOW,Logistics,Supply Chain & Operations / Aviation & Transportation
63c0366b-a418-4a99-ac71-15bf4df7afb0,Local Delivery Startup Operator,Entrepreneurship,"Business & Finance,Tech & Engineering",2026-08-01T03:30:07.718545+00:00,no,,yes,LOW,Logistics,Supply Chain & Operations / Aviation & Transportation
63e44fe1-f4ef-4c1f-bc02-82cb40c01e22,Sustainable Fabric Developer,Fashion & Beauty,"Science & Research,Environment & Sustainability",2026-05-21T02:12:02.05751+00:00,no,,yes,HIGH,Developer,Tech & Engineering / Gaming & Esports / Cybersecurity / Media & Journalism
6405b75c-6d11-499f-8654-29bfbde80c5c,Destination Wedding Specialist,Hospitality & Events,"Design & Creative,Business & Finance",2026-06-14T02:39:08.364444+00:00,no,,yes,LOW,Logistics,Supply Chain & Operations / Aviation & Transportation
6476b6f9-efb7-4dcb-814a-a77969c7b642,Fashion Production Manager,Supply Chain & Operations,"Business & Finance,Tech & Engineering,Science & Research",2026-04-22T02:52:34.239097+00:00,no,,yes,HIGH,Fashion,Fashion & Beauty / Design & Creative / Arts & Performance
64a85153-fe30-4a8a-b2a7-392bab2f8d0c,Housekeeping Manager,Supply Chain & Operations,"Business & Finance,Tech & Engineering,Science & Research",2026-04-22T02:52:34.05043+00:00,no,,yes,LOW,Hotel,Hospitality & Events
65288c4f-1689-4dd5-8ec1-1ead67a24ede,Occupational Health Nurse,Hospitality & Events,"Food & Culinary,Marketing & Communications",2026-04-22T02:52:29.422718+00:00,no,,yes,HIGH,Nurse,Healthcare & Medicine
65a637dd-5983-48eb-8541-ca6c86093a82,Pop-up Shop Curator,Entrepreneurship,"Design & Creative,Hospitality & Events",2026-06-02T02:37:21.452672+00:00,no,,yes,LOW,Inventory,Supply Chain & Operations / Business & Finance
6687f976-482e-4c4d-acd2-5f2bfe34c921,Supply Chain Financing Specialist,Business & Finance,"Entrepreneurship,Tech & Engineering",2026-07-24T03:20:21.821859+00:00,no,,yes,HIGH,Supply Chain,Supply Chain & Operations
67a29511-97d8-4980-94fa-5ff4a9f7f119,Craft Beer Brewery Owner,Entrepreneurship,"Business & Finance,Hospitality & Events",2026-05-07T01:56:15.564345+00:00,no,,yes,HIGH,Brewery,Food & Culinary
67ab48b9-6ca6-4b57-804f-d7a7fdffa1bb,Artist Residency Coordinator,Arts & Performance,"Hospitality & Events,Social Impact & Nonprofit",2026-04-27T07:57:44.899938+00:00,no,,yes,LOW,Logistics,Supply Chain & Operations / Aviation & Transportation
6800362d-ae53-4bf0-a380-9a5737012bcb,Impact Investor,Social Impact & Nonprofit,"Education & Coaching,Law & Government,Science & Research",2026-04-22T02:52:34.05043+00:00,no,,yes,LOW,Investment,Business & Finance
683b6489-3b61-45bf-9489-68304e239d0f,Arts Educator,Education & Coaching,"Social Impact & Nonprofit,Tech & Engineering,Science & Research",2026-04-22T02:52:29.422718+00:00,no,,yes,LOW,Theatre,Arts & Performance
68f93253-9d60-45e9-b8ce-e94f8254dbb2,Wedding Coordinator,Hospitality & Events,"Design & Creative,Business & Finance",2026-04-29T02:00:45.761956+00:00,no,,yes,LOW,Logistics,Supply Chain & Operations / Aviation & Transportation
69f9e4f5-9b6a-4d4e-8e22-74fa71b0aaff,Signage Systems Designer,Design & Creative,"Business & Finance,Tech & Engineering",2026-04-22T02:52:32.905098+00:00,no,,yes,LOW,Hospital,Healthcare & Medicine
6b2306b2-7dbc-4792-95f2-007404f80d90,App Developer Entrepreneur,Marketing & Communications,"Business & Finance,Design & Creative,Entrepreneurship",2026-04-22T02:52:33.477982+00:00,no,,yes,HIGH,Developer,Tech & Engineering / Gaming & Esports / Cybersecurity / Media & Journalism
6c5e777e-6ee0-42e5-beff-e534ceea092f,Retirement Plan Consultant,Design & Creative,"Marketing & Communications,Tech & Engineering,Science & Research",2026-04-22T02:52:32.680575+00:00,no,,yes,LOW,Investment,Business & Finance
6cd8daaf-9be8-413c-b2ae-c27449fa7daa,Activewear Designer,Fashion & Beauty,"Design & Creative,Marketing & Communications,Architecture & Urban Planning",2026-04-22T02:52:32.086589+00:00,no,,yes,LOW,Fitness,Sports & Fitness / Healthcare & Medicine
6d6fa3b5-40f8-4f5b-bc39-086641b3d541,Interactive Packaging Designer,Design & Creative,"Tech & Engineering,Entrepreneurship",2026-05-14T02:10:07.00579+00:00,no,,yes,LOW,Marketing,Marketing & Communications / Business & Finance / Media & Journalism
6d8f526a-1c81-443d-9a6b-706d68e8cc1d,Circular Economy Strategist,Environment & Sustainability,"Business & Finance,Science & Research",2026-04-28T07:57:49.603563+00:00,no,,yes,LOW,Supply Chain,Supply Chain & Operations
6dfe5acf-9683-4ddd-8fb1-676b3c5bb897,Lab Operations Manager,Science & Research,"Healthcare & Medicine,Tech & Engineering",2026-06-10T02:15:27.706573+00:00,no,,yes,LOW,Supply Chain,Supply Chain & Operations
6e353c65-6197-4993-a5ad-4902fc6f9c28,Subscription Meal Kit Founder,Entrepreneurship,"Business & Finance,Hospitality & Events",2026-07-07T03:56:57.656023+00:00,no,,yes,LOW,Logistics,Supply Chain & Operations / Aviation & Transportation
6e459311-0326-4956-a22e-9e813eb6ca02,Live Event Production Coordinator,Arts & Performance,"Hospitality & Events,Business & Finance",2026-08-07T02:54:04.193071+00:00,no,,yes,LOW,Logistics,Supply Chain & Operations / Aviation & Transportation
6e526d8f-d93a-49d9-a362-27c06838b891,Impact Measurement Consultant,Entrepreneurship,"Social Impact & Nonprofit,Business & Finance",2026-06-01T02:40:53.390839+00:00,no,,yes,LOW,Systems,Tech & Engineering / Cybersecurity / Supply Chain & Operations
7042ce4f-5f8d-4406-a12a-cb9b43c1a8cd,Vintage Clothing Restorer,Supply Chain & Operations,"Business & Finance,Tech & Engineering,Science & Research",2026-04-22T02:52:34.465719+00:00,no,,yes,LOW,Fashion,Fashion & Beauty / Design & Creative / Arts & Performance
70fb79ac-68df-4aae-8543-d2b3d78c087a,Cultural Programmer (Arts Center),Arts & Performance,"Hospitality & Events,Education & Coaching",2026-04-22T06:25:44.007537+00:00,no,,yes,HIGH,Programmer,Tech & Engineering / Gaming & Esports
7276d1f2-a16d-4067-ab87-62ee8772ab90,Rugby Coach,Gaming & Esports,"Tech & Engineering,Marketing & Communications,Science & Research",2026-04-22T02:52:32.271017+00:00,no,,yes,MEDIUM,Coach,Sports & Fitness / Education & Coaching / Business & Finance / Social Impact & Nonprofit
727d3964-8c14-49e7-bf2f-c1ef0ff4af00,Supply Chain Manager,Business & Finance,"Entrepreneurship,Tech & Engineering",2026-07-10T03:52:37.953477+00:00,no,,yes,HIGH,Supply Chain,Supply Chain & Operations
72eff3cc-664a-4a74-bfbb-6f456617c884,Program Officer,Gaming & Esports,"Tech & Engineering,Marketing & Communications,Science & Research",2026-04-22T02:52:34.465719+00:00,no,,yes,LOW,Nonprofit,Social Impact & Nonprofit / Business & Finance
72f41985-a9f6-48a0-b43f-712bc47936c5,Sustainable Materials Developer,Fashion & Beauty,"Environment & Sustainability,Science & Research",2026-06-06T02:07:16.459295+00:00,no,,yes,HIGH,Developer,Tech & Engineering / Gaming & Esports / Cybersecurity / Media & Journalism
72ff220f-1c36-45a9-ab05-952dac92eb0f,Fitness Retreat Coordinator,Supply Chain & Operations,"Business & Finance,Tech & Engineering,Science & Research",2026-04-22T02:52:34.05043+00:00,no,,yes,HIGH,Fitness,Sports & Fitness / Healthcare & Medicine
7366b6ec-51eb-41d2-b3bd-0b9cc0434481,Strength Science Researcher,Sports & Fitness,"Healthcare & Medicine,Science & Research",2026-05-30T02:04:23.452104+00:00,no,,yes,LOW,Systems,Tech & Engineering / Cybersecurity / Supply Chain & Operations
7562413c-db51-435a-be2e-1a61f46d21ed,Broadcast Engineer,Science & Research,"Healthcare & Medicine,Tech & Engineering,Marketing & Communications",2026-04-22T02:52:33.477982+00:00,no,,yes,HIGH,Broadcast,Media & Journalism / Arts & Performance
777f5691-405c-44b4-8623-f22d0a57b400,Nonprofit Financial Analyst,Social Impact & Nonprofit,"Education & Coaching,Law & Government,Science & Research",2026-04-22T02:52:33.675655+00:00,no,,yes,HIGH,Financial Analyst,Business & Finance
789e97a7-057c-4bfd-a605-e91fe91002c1,Local Food Distribution Startup Founder,Entrepreneurship,"Environment & Sustainability,Social Impact & Nonprofit",2026-08-06T03:13:47.920913+00:00,no,,yes,LOW,Marketing,Marketing & Communications / Business & Finance / Media & Journalism
78b3f673-6c24-452a-acf8-8846f7fd4cf2,Corporate Event Coordinator,Hospitality & Events,"Business & Finance,Design & Creative",2026-04-22T02:52:33.295118+00:00,no,,yes,LOW,Logistics,Supply Chain & Operations / Aviation & Transportation
799f4e4a-88c5-4861-9980-807961970e6c,Destination Manager,Hospitality & Events,"Business & Finance,Design & Creative",2026-05-25T02:31:55.535964+00:00,no,,yes,LOW,Logistics,Supply Chain & Operations / Aviation & Transportation
7a540c79-f6c1-42c1-aad2-069b30a5c91a,Event Venue Operator,Hospitality & Events,"Business & Finance,Entrepreneurship",2026-05-18T02:13:17.486716+00:00,no,,yes,LOW,Logistics,Supply Chain & Operations / Aviation & Transportation
7aa1e443-9bd4-4d12-a110-5bef8e4b77fd,Luxury Goods Inspector,Fashion & Beauty,"Business & Finance,Design & Creative",2026-06-22T02:45:07.486361+00:00,no,,yes,MEDIUM,Inspector,Law & Government / Environment & Sustainability / Architecture & Urban Planning / Supply Chain & Operations / Food & Culinary / Aviation & Transportation
7cc48666-79ba-4911-99ad-7c4ec52df1a9,Niche Social Media Brand Owner,Gaming & Esports,"Tech & Engineering,Marketing & Communications,Science & Research",2026-04-22T02:52:34.239097+00:00,no,,yes,LOW,Fashion,Fashion & Beauty / Design & Creative / Arts & Performance
7df1ed22-7908-4d7c-bf48-7b0a1481b9b3,Community Marketplace Developer,Entrepreneurship,"Business & Finance,Social Impact & Nonprofit",2026-07-09T03:50:29.546594+00:00,no,,yes,HIGH,Developer,Tech & Engineering / Gaming & Esports / Cybersecurity / Media & Journalism
7e16d766-35b9-4d04-8556-089775fed12b,Package Designer,Design & Creative,"Entrepreneurship,Fashion & Beauty",2026-04-30T01:58:55.719627+00:00,no,,yes,LOW,Sustainability,Environment & Sustainability / Business & Finance / Supply Chain & Operations / Architecture & Urban Planning
7e9e0de1-d895-4016-a83e-818ad0f72cf1,Local Delivery Service Owner,Entrepreneurship,"Business & Finance,Tech & Engineering",2026-05-08T02:04:15.518983+00:00,no,,yes,LOW,Logistics,Supply Chain & Operations / Aviation & Transportation
8057c561-ba98-4b32-8b7e-1a773d19e8b0,Occupational Health Physician,Hospitality & Events,"Food & Culinary,Marketing & Communications",2026-04-22T02:52:33.86077+00:00,no,,yes,HIGH,Physician,Healthcare & Medicine
806889fd-e2fd-459d-9291-7bec8c35a5be,Package Designer (Product),Design & Creative,"Fashion & Beauty,Entrepreneurship",2026-04-22T02:52:30.264317+00:00,no,,yes,LOW,Sustainability,Environment & Sustainability / Business & Finance / Supply Chain & Operations / Architecture & Urban Planning
8170987f-51cb-4bb8-b2ed-38ca6230cffc,Performing Arts Venue Programmer,Arts & Performance,"Hospitality & Events,Business & Finance",2026-05-21T02:12:31.848098+00:00,no,,yes,HIGH,Programmer,Tech & Engineering / Gaming & Esports
818f1dee-4f74-46a6-8604-7400e97af173,Software-as-a-Service (SaaS) Consultant,Arts & Performance,"Media & Journalism,Design & Creative,Architecture & Urban Planning",2026-04-22T02:52:33.477982+00:00,no,,yes,HIGH,Software,Tech & Engineering / Gaming & Esports / Cybersecurity
81d5e6d4-f13d-4db7-9e72-9b930910ca75,Referee and Umpire Coordinator,Gaming & Esports,"Tech & Engineering,Marketing & Communications,Science & Research",2026-04-22T02:52:32.680575+00:00,no,,yes,HIGH,Referee,Sports & Fitness
82f56370-036f-4f34-8754-ccd3f830b55e,Cultural Programmer (Museums),Arts & Performance,"Education & Coaching,Hospitality & Events",2026-05-09T01:56:35.357685+00:00,no,,yes,HIGH,Programmer,Tech & Engineering / Gaming & Esports
835063b8-6896-424f-9429-b4e095f45899,Pharmaceutical Quality Assurance Analyst,Supply Chain & Operations,"Business & Finance,Tech & Engineering,Science & Research",2026-04-22T02:52:32.086589+00:00,no,,yes,LOW,Patient,Healthcare & Medicine
83a54ea8-a52d-4bba-b847-8b46c60c3284,Corporate Meeting Planner,Hospitality & Events,"Business & Finance,Design & Creative",2026-06-06T02:07:26.380731+00:00,no,,yes,LOW,Logistics,Supply Chain & Operations / Aviation & Transportation
83a89c3c-22d1-4af2-9547-d14196deb272,Cryptography Engineer,Cybersecurity,"Tech & Engineering,Law & Government,Architecture & Urban Planning",2026-04-22T02:52:32.271017+00:00,no,,yes,LOW,Actor,Arts & Performance / Media & Journalism
83c29d22-f870-439f-8864-37a1e6ac2aec,Specialty Food Product Developer,Entrepreneurship,"Business & Finance,Design & Creative",2026-05-28T02:03:08.570219+00:00,no,,yes,HIGH,Developer,Tech & Engineering / Gaming & Esports / Cybersecurity / Media & Journalism
850f4335-8c5a-4a93-a42a-c805be39fb68,Sports Franchise Operations Manager,Sports & Fitness,"Business & Finance,Hospitality & Events",2026-06-23T04:04:02.846687+00:00,no,,yes,LOW,Logistics,Supply Chain & Operations / Aviation & Transportation
85336afb-8674-42fd-80f8-7f5706e8f03b,Clinical Trial Protocol Developer,Science & Research,"Healthcare & Medicine,Law & Government",2026-07-05T04:01:20.645336+00:00,no,,yes,HIGH,Developer,Tech & Engineering / Gaming & Esports / Cybersecurity / Media & Journalism
876c7b93-655b-478c-af03-557d12a71aff,Ceramic Artist Studio Owner,Arts & Performance,"Entrepreneurship,Design & Creative",2026-06-14T02:37:17.60716+00:00,no,,yes,LOW,Marketing,Marketing & Communications / Business & Finance / Media & Journalism
87b3c20a-40a7-40c8-a843-fb448b4ce458,Alternative Protein Startup Founder,Entrepreneurship,"Science & Research,Environment & Sustainability",2026-05-13T02:08:00.525711+00:00,no,,yes,LOW,Supply Chain,Supply Chain & Operations
88542978-990c-4058-9227-940b3f21b761,Carbon Offset Developer,Environment & Sustainability,"Business & Finance,Science & Research",2026-07-20T03:41:21.177995+00:00,no,,yes,HIGH,Developer,Tech & Engineering / Gaming & Esports / Cybersecurity / Media & Journalism
899d7e11-d2e6-45bb-bfcc-d226d08ea539,Internal Auditor,Sports & Fitness,"Healthcare & Medicine,Marketing & Communications,Science & Research",2026-04-22T02:52:33.477982+00:00,no,,yes,HIGH,Auditor,Business & Finance / Law & Government
89c371d1-f05c-4d32-8234-fd7573ec46e0,Luxury Hair Care Product Developer,Fashion & Beauty,"Design & Creative,Entrepreneurship",2026-06-25T04:06:51.461395+00:00,no,,yes,HIGH,Developer,Tech & Engineering / Gaming & Esports / Cybersecurity / Media & Journalism
89c91c99-7fe8-43c4-af6a-34ebd835dc69,Medical School Admissions Counselor,Education & Coaching,"Social Impact & Nonprofit,Tech & Engineering,Architecture & Urban Planning",2026-04-22T02:52:32.680575+00:00,no,,yes,MEDIUM,Medical,Healthcare & Medicine / Science & Research
8a6868df-05fb-42dd-9a91-d86060fd533e,Volunteer Programs Director,Gaming & Esports,"Tech & Engineering,Marketing & Communications,Science & Research",2026-04-22T02:52:34.465719+00:00,no,,yes,LOW,Nonprofit,Social Impact & Nonprofit / Business & Finance
8a8c5787-f121-4c29-9a83-3f1718f25754,Supply Chain Risk Manager,Business & Finance,"Law & Government,Tech & Engineering",2026-06-02T02:37:14.583678+00:00,no,,yes,HIGH,Supply Chain,Supply Chain & Operations
8b27bac1-5b6e-46b6-8400-8f8b53f3fcb2,Community Outreach Coordinator,Gaming & Esports,"Tech & Engineering,Marketing & Communications,Architecture & Urban Planning",2026-04-22T02:52:29.422718+00:00,no,,yes,LOW,Nonprofit,Social Impact & Nonprofit / Business & Finance
8cea4efc-eab4-42a0-ad7d-8c65c82c6ed9,Hotel Digital Marketing Manager,Marketing & Communications,"Business & Finance,Design & Creative,Science & Research",2026-04-22T02:52:29.422718+00:00,no,,yes,HIGH,Hotel,Hospitality & Events
8d5174cf-860a-4bdb-b9e4-7a02987d7f27,Convention Center Coordinator,Hospitality & Events,Business & Finance,2026-05-04T01:54:13.05175+00:00,no,,yes,LOW,Logistics,Supply Chain & Operations / Aviation & Transportation
8e343f1c-a335-4920-8a6a-71f27c4f8f59,Wedding Planner (Destination),Hospitality & Events,"Design & Creative,Business & Finance",2026-04-22T02:52:32.086589+00:00,no,,yes,LOW,Logistics,Supply Chain & Operations / Aviation & Transportation
8e3c7a49-bd9e-424c-a54a-3d32367f5412,Corporate Treasurer,Arts & Performance,"Media & Journalism,Design & Creative,Science & Research",2026-04-22T02:52:32.496342+00:00,no,,yes,LOW,Investment,Business & Finance
8e436142-8831-4949-b5f7-dfd7ecad1e1f,Emergency Room Physician,Cybersecurity,"Tech & Engineering,Law & Government,Science & Research",2026-04-22T02:52:32.086589+00:00,no,,yes,HIGH,Physician,Healthcare & Medicine
900a4b22-69da-407f-bdb9-d65a2d200ce8,Theater Lighting Technician,Science & Research,"Healthcare & Medicine,Tech & Engineering,Architecture & Urban Planning",2026-04-22T02:52:34.616352+00:00,no,,yes,HIGH,Theater,Arts & Performance
90563e5d-65e4-47c5-8f9c-d0965b0b0fc7,Quantitative Analyst,Fashion & Beauty,"Design & Creative,Marketing & Communications,Science & Research",2026-04-22T02:52:33.087307+00:00,no,,yes,LOW,Investment,Business & Finance
9070ba23-beff-4756-9a30-1caf76325ed4,Budget Analyst,Education & Coaching,"Social Impact & Nonprofit,Tech & Engineering,Science & Research",2026-04-22T02:52:32.271017+00:00,no,,yes,LOW,Hospital,Healthcare & Medicine
91a1ba98-abee-441d-827c-b70fe816abea,Fair Trade Advocate,Social Impact & Nonprofit,"Law & Government,Education & Coaching",2026-05-18T02:13:35.633599+00:00,no,,yes,LOW,Supply Chain,Supply Chain & Operations
923a3a01-db58-4f18-8938-71e8d56f4663,Restaurant Private Event Manager,Hospitality & Events,"Business & Finance,Design & Creative",2026-05-08T02:05:02.360931+00:00,no,,yes,LOW,Logistics,Supply Chain & Operations / Aviation & Transportation
928a5b4b-e54f-4015-950a-0ed0140dcd9b,Private Equity Associate,Arts & Performance,"Media & Journalism,Design & Creative,Science & Research",2026-04-22T02:52:31.845128+00:00,no,,yes,LOW,Investment,Business & Finance
928eff4e-26ea-4aee-a131-7aab06f99cf0,Financial Planning Analyst,Science & Research,"Healthcare & Medicine,Tech & Engineering",2026-04-22T02:52:32.086589+00:00,no,,yes,LOW,Investment,Business & Finance
929c4575-4558-43c5-bf92-2e482123dc97,Investigative Journalist,Science & Research,"Healthcare & Medicine,Tech & Engineering,Arts & Performance",2026-04-22T02:52:31.20659+00:00,no,,yes,HIGH,Journalist,Media & Journalism
92e331f6-dd5d-43dc-b41b-5d74ebd23359,Health and Wellness App Founder,Entrepreneurship,"Tech & Engineering,Healthcare & Medicine",2026-05-20T02:12:17.85599+00:00,no,,yes,LOW,Marketing,Marketing & Communications / Business & Finance / Media & Journalism
93163ada-07da-499e-83ba-510d9a602759,Commercial Kitchen Operator (Shared Space),Entrepreneurship,"Hospitality & Events,Social Impact & Nonprofit",2026-05-19T02:13:44.839112+00:00,no,,yes,LOW,Compliance,Law & Government / Business & Finance / Healthcare & Medicine / Cybersecurity / Environment & Sustainability / Supply Chain & Operations
931ec5dc-ee9c-4c4b-b950-cd81de15cbed,Pop-Up Retail Owner,Entrepreneurship,"Design & Creative,Hospitality & Events",2026-07-19T03:25:55.719621+00:00,no,,yes,LOW,Inventory,Supply Chain & Operations / Business & Finance
9456a2e9-4934-4205-837d-9af9f1d26ad1,Medical Device Sales Representative,Entrepreneurship,"Business & Finance,Tech & Engineering,Architecture & Urban Planning",2026-04-22T02:52:31.845128+00:00,no,,yes,MEDIUM,Medical,Healthcare & Medicine / Science & Research
9521c978-5323-4191-8519-55f0e6b8efce,ESG Investment Analyst,Environment & Sustainability,"Science & Research,Law & Government,Tech & Engineering",2026-04-22T02:52:32.271017+00:00,no,,yes,HIGH,Investment,Business & Finance
95c9c894-576c-420c-bf1f-d6db524c1029,Sports Business Analyst,Marketing & Communications,"Business & Finance,Design & Creative,Science & Research",2026-04-22T02:52:31.20659+00:00,no,,yes,LOW,Athletic,Sports & Fitness / Healthcare & Medicine / Education & Coaching
96239caf-78b5-4267-9244-8cd7c4a4a3f7,Gallery Preparator,Arts & Performance,"Design & Creative,Hospitality & Events",2026-05-05T01:52:50.427284+00:00,no,,yes,LOW,Logistics,Supply Chain & Operations / Aviation & Transportation
9666270b-250b-4f85-9724-191365d8eb81,Research Ethics Officer,Law & Government,"Business & Finance,Social Impact & Nonprofit,Science & Research",2026-04-22T02:52:32.905098+00:00,no,,yes,LOW,Hospital,Healthcare & Medicine
96715f5e-6dbf-4cc8-87f1-dd8c18329991,Festival Director,Hospitality & Events,"Arts & Performance,Entrepreneurship",2026-06-18T02:38:10.265744+00:00,no,,yes,LOW,Logistics,Supply Chain & Operations / Aviation & Transportation
97d8c392-4614-4a72-b26e-20ccd5f20d16,Puppeteer,Education & Coaching,"Social Impact & Nonprofit,Tech & Engineering,Science & Research",2026-04-22T02:52:32.905098+00:00,no,,yes,LOW,Theater,Arts & Performance
985ffb0e-e617-49c4-b350-c9002f025369,Municipal Bond Trader,Education & Coaching,"Social Impact & Nonprofit,Tech & Engineering,Science & Research",2026-04-22T02:52:32.496342+00:00,no,,yes,LOW,Hospital,Healthcare & Medicine
989a3e74-449c-4e0f-8d5f-66de9ba68349,Skincare Formulation Specialist,Fashion & Beauty,"Science & Research,Design & Creative",2026-06-07T02:34:10.852184+00:00,no,,yes,LOW,Marketing,Marketing & Communications / Business & Finance / Media & Journalism
9910e037-04c0-4d47-8b92-939d135cbe17,Documentary Distributor,Media & Journalism,"Gaming & Esports,Tech & Engineering,Marketing & Communications",2026-04-22T02:52:30.655222+00:00,no,,yes,LOW,Theater,Arts & Performance
993ea751-aeb6-4f89-9265-c0476591db6e,Reinsurance Underwriter,Science & Research,"Healthcare & Medicine,Tech & Engineering",2026-04-22T02:52:33.087307+00:00,no,,yes,HIGH,Underwriter,Business & Finance
99cd0e08-c663-4d5b-9b9c-4d15e288877f,Adventure Travel Coordinator,Hospitality & Events,"Entrepreneurship,Environment & Sustainability",2026-06-23T04:04:37.622645+00:00,no,,yes,LOW,Logistics,Supply Chain & Operations / Aviation & Transportation
9a369c59-6fcd-4787-8ed2-c05fb0e1661c,Sustainable Fashion Educator,Gaming & Esports,"Tech & Engineering,Marketing & Communications,Science & Research",2026-04-22T02:52:31.20659+00:00,no,,yes,HIGH,Fashion,Fashion & Beauty / Design & Creative / Arts & Performance
9ad5138a-890f-46df-abf9-72940a13dd44,Performance Coach (Theater),Sports & Fitness,"Healthcare & Medicine,Marketing & Communications,Architecture & Urban Planning",2026-04-22T02:52:29.856816+00:00,no,,yes,HIGH,Theater,Arts & Performance
9b27a50f-f4a9-4916-abaf-32d8a5d15558,Performance Coach for Musicians,Sports & Fitness,"Healthcare & Medicine,Marketing & Communications,Science & Research",2026-04-22T02:52:34.465719+00:00,no,,yes,HIGH,Musician,Arts & Performance
9bb8b88b-9b21-4006-bf16-c1c1d3f2e327,Grief Counselor,Tech & Engineering,"Business & Finance,Design & Creative",2026-04-22T02:52:30.47108+00:00,no,,yes,MEDIUM,Counselor,Healthcare & Medicine / Education & Coaching / Social Impact & Nonprofit / Law & Government
9c1d5996-f06e-4879-828a-1e5df3e662d7,Conference Logistics Specialist,Hospitality & Events,"Business & Finance,Tech & Engineering",2026-06-16T02:46:57.904111+00:00,no,,yes,HIGH,Logistics,Supply Chain & Operations / Aviation & Transportation
9cd20bbf-20a0-4556-8937-ab02a5e1a9fd,Microfinance Loan Officer,Gaming & Esports,"Tech & Engineering,Marketing & Communications,Science & Research",2026-04-22T02:52:31.392704+00:00,no,,yes,LOW,Investment,Business & Finance
9cfd58b4-2774-4aa5-861f-261a2b24925b,Green Energy Auditor,Environment & Sustainability,"Tech & Engineering,Science & Research",2026-07-13T03:32:54.817176+00:00,no,,yes,HIGH,Auditor,Business & Finance / Law & Government
9d74b1f6-61c8-4c15-a1a1-3f63f38ec983,Water Quality Engineer,Environment & Sustainability,"Science & Research,Law & Government",2026-05-31T02:29:34.622978+00:00,no,,yes,MEDIUM,Engineer,Tech & Engineering / Cybersecurity / Gaming & Esports
9e7f9c74-c67d-40eb-ba53-5ece140d972d,Plant-Based Product Developer,Food & Culinary,"Science & Research,Environment & Sustainability",2026-08-12T02:24:20.443124+00:00,no,,yes,HIGH,Developer,Tech & Engineering / Gaming & Esports / Cybersecurity / Media & Journalism
9e9e2dcc-a3ed-42e5-97eb-460618afd1d4,ESL (English as Second Language) Teacher,Environment & Sustainability,"Science & Research,Law & Government,Architecture & Urban Planning",2026-04-22T02:52:32.905098+00:00,no,,yes,HIGH,Teacher,Education & Coaching
9ee64a18-5a63-48a6-98db-aa74e51ade14,Clinical Dietitian,Food & Culinary,"Hospitality & Events,Business & Finance",2026-04-22T02:52:32.271017+00:00,no,,yes,MEDIUM,Clinical,Healthcare & Medicine / Science & Research
9f2de696-3858-4119-a00e-b435785f9750,Certified Athletic Trainer,Environment & Sustainability,"Science & Research,Law & Government,Tech & Engineering",2026-04-22T02:52:33.86077+00:00,no,,yes,HIGH,Athletic,Sports & Fitness / Healthcare & Medicine / Education & Coaching
9fae8935-7467-47e5-ba66-8e4d80154cc6,Loss Prevention Manager,Cybersecurity,"Tech & Engineering,Law & Government,Science & Research",2026-04-22T02:52:31.845128+00:00,no,,yes,LOW,Warehouse,Supply Chain & Operations
a0b1d9ff-d3f0-426e-a70e-70041c2bc374,Sports Medicine Physician,Gaming & Esports,"Tech & Engineering,Marketing & Communications,Media & Journalism",2026-04-22T02:52:33.477982+00:00,no,,yes,HIGH,Physician,Healthcare & Medicine
a22c5f97-64dc-4519-a8d9-f6320db69921,CRISPR Gene Editor,Science & Research,"Healthcare & Medicine,Tech & Engineering",2026-07-24T03:19:42.262896+00:00,no,,yes,MEDIUM,Editor,Media & Journalism / Design & Creative / Arts & Performance / Marketing & Communications
a29f396d-f162-4e81-8e86-fa97359132f6,Cosmetologist,Supply Chain & Operations,"Business & Finance,Tech & Engineering,Science & Research",2026-04-22T02:52:30.47108+00:00,no,,yes,HIGH,Cosmetolog,Fashion & Beauty / Healthcare & Medicine
a3253baa-1b96-47ba-a650-38eedfea48aa,Commercial Real Estate Analyst,Fashion & Beauty,"Design & Creative,Marketing & Communications,Science & Research",2026-04-22T02:52:29.646164+00:00,no,,yes,LOW,Investment,Business & Finance
a42839e8-5cbc-4527-9fc6-652ec6e21b05,Luxury Goods Quality Inspector,Fashion & Beauty,"Design & Creative,Business & Finance",2026-08-10T02:12:00.524013+00:00,no,,yes,MEDIUM,Inspector,Law & Government / Environment & Sustainability / Architecture & Urban Planning / Supply Chain & Operations / Food & Culinary / Aviation & Transportation
a435e956-914b-40f7-ae1c-e91cabb1cdd5,Nonprofit Program Officer,Gaming & Esports,"Tech & Engineering,Marketing & Communications,Science & Research",2026-04-22T02:52:30.47108+00:00,no,,yes,HIGH,Nonprofit,Social Impact & Nonprofit / Business & Finance
a4e8e263-f2cc-44a9-a414-17c102500252,Broadcast News Analyst,Hospitality & Events,"Food & Culinary,Marketing & Communications,Science & Research",2026-04-22T02:52:32.680575+00:00,no,,yes,HIGH,Broadcast,Media & Journalism / Arts & Performance
a51111df-526f-46fa-9b5d-d77be8d87e8d,Financial Planning Director,Science & Research,"Healthcare & Medicine,Tech & Engineering",2026-04-22T02:52:31.392704+00:00,no,,yes,LOW,Investment,Business & Finance
a53ec9d9-399f-447c-ada7-074600313eeb,Last-Mile Delivery Startup Founder,Entrepreneurship,"Tech & Engineering,Business & Finance",2026-07-18T02:54:50.530036+00:00,no,,yes,LOW,Logistics,Supply Chain & Operations / Aviation & Transportation
a6c5d501-acc1-41a9-9257-986891deb762,Wildlife Rehabilitator,Environment & Sustainability,"Science & Research,Law & Government",2026-04-22T02:52:34.239097+00:00,no,,yes,LOW,Nurse,Healthcare & Medicine
a99a5ffd-cc20-4b03-8ea9-0310d57fcd64,Textile Quality Assurance Inspector,Marketing & Communications,"Business & Finance,Design & Creative,Science & Research",2026-04-22T02:52:34.616352+00:00,no,,yes,MEDIUM,Inspector,Law & Government / Environment & Sustainability / Architecture & Urban Planning / Supply Chain & Operations / Food & Culinary / Aviation & Transportation
aafda4f0-067a-44c6-9437-4aeee377e7fc,Logistics Tech Founder,Entrepreneurship,"Tech & Engineering,Business & Finance",2026-06-11T02:37:46.014034+00:00,no,,yes,HIGH,Logistics,Supply Chain & Operations / Aviation & Transportation
ab37c934-b85a-437d-8e92-ec7658810f7d,Periodontist,Supply Chain & Operations,"Business & Finance,Tech & Engineering",2026-04-22T02:52:31.20659+00:00,no,,yes,LOW,Patient,Healthcare & Medicine
abe97caa-2aff-4b61-a193-f71e4927246c,Ghost Kitchen Operator,Marketing & Communications,"Business & Finance,Design & Creative,Science & Research",2026-04-22T02:52:32.496342+00:00,no,,yes,LOW,Logistics,Supply Chain & Operations / Aviation & Transportation
ac023d5e-65d8-4211-bbaf-d3bada1b5ed8,Fitness Facility Manager,Gaming & Esports,"Tech & Engineering,Marketing & Communications,Science & Research",2026-04-22T02:52:30.082186+00:00,no,,yes,HIGH,Fitness,Sports & Fitness / Healthcare & Medicine
ac26cfdf-82fd-4cc7-815b-2350e4d09e0e,Sports Therapist,Gaming & Esports,"Tech & Engineering,Marketing & Communications,Media & Journalism",2026-04-22T02:52:29.206458+00:00,no,,yes,HIGH,Therapist,Healthcare & Medicine / Sports & Fitness / Education & Coaching / Social Impact & Nonprofit
ac657841-95f6-4766-9ff2-c4eb876bfd8e,Fixed Income Analyst,Science & Research,"Healthcare & Medicine,Tech & Engineering,Arts & Performance",2026-04-22T02:52:31.660242+00:00,no,,yes,LOW,Investment,Business & Finance
acfa0208-1b10-4e40-a2da-1fc72505be1f,Theatrical Lighting Programmer,Arts & Performance,"Design & Creative,Hospitality & Events",2026-06-19T02:54:06.283913+00:00,no,,yes,HIGH,Programmer,Tech & Engineering / Gaming & Esports
ad0affe9-9df2-4769-bcbe-43832b9a8820,Community Health Nurse,Gaming & Esports,"Tech & Engineering,Marketing & Communications,Education & Coaching",2026-04-22T02:52:32.905098+00:00,no,,yes,HIGH,Nurse,Healthcare & Medicine
ad3ef235-727f-4b5a-912c-6b9b0ffbf62c,Talent Agent,Marketing & Communications,"Business & Finance,Design & Creative,Science & Research",2026-04-22T02:52:33.86077+00:00,no,,yes,LOW,Musician,Arts & Performance
af145cc8-c727-4973-a952-8821f2ef26e0,Clinical Nutritionist,Food & Culinary,"Hospitality & Events,Business & Finance,Architecture & Urban Planning",2026-04-22T02:52:31.845128+00:00,no,,yes,MEDIUM,Clinical,Healthcare & Medicine / Science & Research
af9ff957-206d-4d1f-8406-8bca07934a22,Live Music Venue Manager,Arts & Performance,"Hospitality & Events,Business & Finance",2026-04-30T01:58:46.627321+00:00,no,,yes,LOW,Logistics,Supply Chain & Operations / Aviation & Transportation
b085448b-5364-49b9-bc25-2391077f9bdd,Investment Manager,Science & Research,"Healthcare & Medicine,Tech & Engineering",2026-04-22T02:52:32.271017+00:00,no,,yes,HIGH,Investment,Business & Finance
b0fc710c-d19d-43e1-ab01-9c729c5df25a,Supply Chain Optimization Specialist,Entrepreneurship,"Tech & Engineering,Business & Finance",2026-04-22T02:52:32.271017+00:00,no,,yes,HIGH,Supply Chain,Supply Chain & Operations
b20c96d6-8178-429d-9295-2e8ed91564d8,Fitness App Developer,Sports & Fitness,"Healthcare & Medicine,Marketing & Communications,Science & Research",2026-04-22T02:52:30.082186+00:00,no,,yes,HIGH,Developer,Tech & Engineering / Gaming & Esports / Cybersecurity / Media & Journalism
b2718799-b8af-4d43-8d9b-0b0d233f3407,Local Food Supply Chain Founder,Entrepreneurship,"Environment & Sustainability,Business & Finance",2026-04-22T03:25:58.981028+00:00,no,,yes,HIGH,Supply Chain,Supply Chain & Operations
b27e4d28-acd4-4578-8ca6-36e0ed14d7cb,Medication Safety Officer,Social Impact & Nonprofit,"Education & Coaching,Law & Government,Science & Research",2026-04-22T02:52:34.05043+00:00,no,,yes,LOW,Hospital,Healthcare & Medicine
b2a55bf4-1dd8-46fa-b134-c4eb7b6cfcbf,Cost Accountant,Arts & Performance,"Media & Journalism,Design & Creative,Science & Research",2026-04-22T02:52:33.675655+00:00,no,,yes,HIGH,Accountant,Business & Finance
b379c0c6-7811-4fc5-8be1-b7a2c7352432,Investment Portfolio Manager,Science & Research,"Healthcare & Medicine,Tech & Engineering",2026-04-22T02:52:32.271017+00:00,no,,yes,HIGH,Investment,Business & Finance
b3e2deb5-eff7-4ba0-be6e-e54240992057,Infection Prevention Specialist,Hospitality & Events,"Food & Culinary,Marketing & Communications,Science & Research",2026-04-22T02:52:29.206458+00:00,no,,yes,LOW,Hospital,Healthcare & Medicine
b4077c66-7953-4d98-99e8-733117b0c5aa,Nonprofit Executive Director,Gaming & Esports,"Tech & Engineering,Marketing & Communications,Science & Research",2026-04-22T02:52:30.47108+00:00,no,,yes,HIGH,Nonprofit,Social Impact & Nonprofit / Business & Finance
b4295f43-b94a-49e6-91b6-56efbd4db093,Conference Services Director,Hospitality & Events,"Business & Finance,Education & Coaching",2026-06-22T03:26:55.247158+00:00,no,,yes,LOW,Logistics,Supply Chain & Operations / Aviation & Transportation
b49ddd80-0ac5-4be2-aeb9-9ca2089ccb45,Environmental Due Diligence Specialist,Environment & Sustainability,"Science & Research,Law & Government,Tech & Engineering",2026-04-22T02:52:34.239097+00:00,no,,yes,LOW,Investment,Business & Finance
b4e4804d-327f-483b-8237-aac125625077,Sports Information Director,Sports & Fitness,"Healthcare & Medicine,Marketing & Communications,Science & Research",2026-04-22T02:52:30.47108+00:00,no,,yes,LOW,Journalist,Media & Journalism
b5931e0e-7159-40ec-89cb-d3efb5888848,App Developer (Independent),Marketing & Communications,"Business & Finance,Design & Creative,Architecture & Urban Planning",2026-04-22T02:52:33.675655+00:00,no,,yes,HIGH,Developer,Tech & Engineering / Gaming & Esports / Cybersecurity / Media & Journalism
b8aaebd2-3919-4cc3-a133-2625c3da1ea5,Supply Chain Tech Founder,Entrepreneurship,"Tech & Engineering,Business & Finance",2026-06-14T02:37:53.015089+00:00,no,,yes,HIGH,Supply Chain,Supply Chain & Operations
ba263731-3ac7-42c1-8267-0225dda1aae0,Craft Brewery Owner,Marketing & Communications,"Business & Finance,Design & Creative,Media & Journalism",2026-04-22T02:52:31.660242+00:00,no,,yes,HIGH,Brewery,Food & Culinary
ba366f1e-8eb8-49c8-8427-719b0125cf70,SaaS Account Manager,Hospitality & Events,"Food & Culinary,Marketing & Communications",2026-04-22T02:52:30.264317+00:00,no,,yes,LOW,Software,Tech & Engineering / Gaming & Esports / Cybersecurity
ba9de3df-3848-4eff-9ad3-e57406df5262,Tourism Board Director,Gaming & Esports,"Tech & Engineering,Marketing & Communications,Science & Research",2026-04-22T02:52:33.86077+00:00,no,,yes,HIGH,Tourism,Hospitality & Events / Aviation & Transportation / Environment & Sustainability
baa57d92-fe86-4266-a03d-47a2e22c9aee,Financial Crime Analyst,Law & Government,"Business & Finance,Social Impact & Nonprofit,Science & Research",2026-04-22T02:52:30.082186+00:00,no,,yes,LOW,Actor,Arts & Performance / Media & Journalism
bb23d2d6-8e8e-4aa9-8201-e7e51a833c54,Commercial Pilot,Business & Finance,"Tech & Engineering,Law & Government",2026-07-10T03:52:31.48692+00:00,no,,yes,HIGH,Pilot,Aviation & Transportation / Sports & Fitness
bda028f6-1c77-498e-8ead-f8f76025cabb,Astronomical Surveyor,Science & Research,"Tech & Engineering,Education & Coaching",2026-07-27T03:39:34.802583+00:00,no,,yes,HIGH,Surveyor,Architecture & Urban Planning / Environment & Sustainability / Supply Chain & Operations
be7f6e66-fca2-4f6b-a416-5fe8d5aef429,Opera House Director,Science & Research,"Healthcare & Medicine,Tech & Engineering,Architecture & Urban Planning",2026-04-22T02:52:33.86077+00:00,no,,yes,LOW,Performer,Arts & Performance / Sports & Fitness
be8df84e-ea8a-4403-ad8b-29e5f7e8cab5,Insurance Risk Underwriter,Media & Journalism,"Marketing & Communications,Arts & Performance,Science & Research",2026-04-22T02:52:34.05043+00:00,no,,yes,HIGH,Underwriter,Business & Finance
be9d8eeb-37a7-488c-879a-73e5a3611c60,Community Currency Designer,Entrepreneurship,"Social Impact & Nonprofit,Design & Creative",2026-06-22T02:43:42.973504+00:00,no,,yes,LOW,Systems,Tech & Engineering / Cybersecurity / Supply Chain & Operations
c0b4ca21-54b8-4998-97d3-139de10dbd26,Logistics Startup Founder,Entrepreneurship,"Tech & Engineering,Business & Finance",2026-05-10T01:54:59.854523+00:00,no,,yes,HIGH,Logistics,Supply Chain & Operations / Aviation & Transportation
c0bc8f33-9ffd-4e2c-abbb-ae784edaeac5,Social Impact Startup Founder,Entrepreneurship,"Social Impact & Nonprofit,Tech & Engineering",2026-07-30T02:48:39.786576+00:00,no,,yes,LOW,Sustainability,Environment & Sustainability / Business & Finance / Supply Chain & Operations / Architecture & Urban Planning
c1f3824f-2fd6-4dbb-aff7-04ce5f2934eb,Dental Hygienist,Supply Chain & Operations,"Business & Finance,Tech & Engineering,Science & Research",2026-04-22T02:52:29.646164+00:00,no,,yes,LOW,Patient,Healthcare & Medicine
c210bf05-a15f-44a4-bba1-17e1cd17a37b,Financial Analyst,Science & Research,"Healthcare & Medicine,Tech & Engineering,Arts & Performance",2026-04-22T02:52:31.20659+00:00,no,,yes,HIGH,Financial Analyst,Business & Finance
c21d0c45-ca88-4a49-bd1c-d543b462e38c,Conference Planning Director,Hospitality & Events,"Business & Finance,Media & Journalism",2026-05-29T02:08:30.026095+00:00,no,,yes,LOW,Logistics,Supply Chain & Operations / Aviation & Transportation
c25447da-fd34-41c0-acf1-b65058c9d2c3,Electrocardiogram Technician,Cybersecurity,"Tech & Engineering,Law & Government,Science & Research",2026-04-22T02:52:33.295118+00:00,no,,yes,LOW,Patient,Healthcare & Medicine
c67c324a-2d20-4192-ad40-82a9e15c3694,Event Registrar,Hospitality & Events,Business & Finance,2026-06-27T04:00:03.892168+00:00,no,,yes,LOW,Logistics,Supply Chain & Operations / Aviation & Transportation
c84670f4-d71d-43e2-9a6a-f870a7094b3a,Live Music Venue Booker,Arts & Performance,"Hospitality & Events,Business & Finance",2026-06-18T02:38:43.746141+00:00,no,,yes,LOW,Logistics,Supply Chain & Operations / Aviation & Transportation
c9b2ef32-79d1-483a-8b83-5f63261417d5,E-Commerce Marketplace Operator,Entrepreneurship,"Business & Finance,Tech & Engineering",2026-06-24T04:05:23.727094+00:00,no,,yes,LOW,Logistics,Supply Chain & Operations / Aviation & Transportation
c9ca54d4-5cb7-46f0-8f23-70a44f5536c3,Fitness Class Instructor,Gaming & Esports,"Tech & Engineering,Marketing & Communications,Architecture & Urban Planning",2026-04-22T02:52:30.47108+00:00,no,,yes,HIGH,Fitness,Sports & Fitness / Healthcare & Medicine
ca28a191-4882-465b-ab4a-3404799f46df,Classical Music Impresario,Arts & Performance,"Business & Finance,Hospitality & Events",2026-05-24T02:09:22.901836+00:00,no,,yes,LOW,Logistics,Supply Chain & Operations / Aviation & Transportation
cb02dae1-720e-42ba-82a2-798c1afa5d67,Biomechanics Research Specialist,Sports & Fitness,"Healthcare & Medicine,Science & Research",2026-04-22T02:52:33.295118+00:00,no,,yes,LOW,Software,Tech & Engineering / Gaming & Esports / Cybersecurity
cb2fbd0e-2744-4366-87f0-3e4d66958ac2,Inclusive Beauty Product Developer,Fashion & Beauty,"Science & Research,Design & Creative",2026-06-30T04:08:44.601514+00:00,no,,yes,HIGH,Developer,Tech & Engineering / Gaming & Esports / Cybersecurity / Media & Journalism
cb709c5e-3d6d-4f3d-bcc5-de660230930c,Sustainable Beauty Product Formulator,Fashion & Beauty,"Science & Research,Entrepreneurship",2026-06-12T02:34:30.691631+00:00,no,,yes,LOW,Sustainability,Environment & Sustainability / Business & Finance / Supply Chain & Operations / Architecture & Urban Planning
cbfb113d-d5d5-41c9-a016-27727bd26878,Metallurgist,Science & Research,"Tech & Engineering,Environment & Sustainability",2026-07-18T02:55:04.791024+00:00,no,,yes,LOW,Aircraft,Aviation & Transportation
ce03af0f-ea8b-479e-a8c2-8568e9576f4d,Conference Organizer,Hospitality & Events,"Business & Finance,Media & Journalism",2026-04-22T03:26:48.866302+00:00,no,,yes,LOW,Logistics,Supply Chain & Operations / Aviation & Transportation
ced963b6-63a7-4b72-b77c-62bc73ee6170,Beauty Brand Developer,Fashion & Beauty,"Entrepreneurship,Design & Creative",2026-06-05T02:15:02.243288+00:00,no,,yes,HIGH,Developer,Tech & Engineering / Gaming & Esports / Cybersecurity / Media & Journalism
cf89121d-1bec-4693-9d19-b3f8ecb92957,Curriculum Developer (K-12),Education & Coaching,"Design & Creative,Science & Research",2026-04-22T02:52:29.856816+00:00,no,,yes,HIGH,Developer,Tech & Engineering / Gaming & Esports / Cybersecurity / Media & Journalism
d032693f-0844-4989-8937-9964f0082c21,Volunteer Engagement Manager,Gaming & Esports,"Tech & Engineering,Marketing & Communications,Science & Research",2026-04-22T02:52:30.655222+00:00,no,,yes,LOW,Nonprofit,Social Impact & Nonprofit / Business & Finance
d108d219-714d-4ddd-b77e-fa32b235d817,Commodities Trader,Business & Finance,"Entrepreneurship,Law & Government",2026-04-22T06:25:50.312635+00:00,no,,yes,LOW,Supply Chain,Supply Chain & Operations
d15c34ee-cad3-45fb-ac1a-84edaf3eb15c,Festival Producer,Hospitality & Events,"Arts & Performance,Entrepreneurship",2026-05-13T02:08:23.186975+00:00,no,,yes,LOW,Logistics,Supply Chain & Operations / Aviation & Transportation
d20bf9a4-db65-4ce8-801a-e641829eb121,Artist Residency Program Manager,Arts & Performance,"Education & Coaching,Entrepreneurship",2026-06-12T02:33:46.404023+00:00,no,,yes,LOW,Logistics,Supply Chain & Operations / Aviation & Transportation
d5219a9d-ffa4-4c18-a7b4-d3d1944eeead,Event Coordinator (Weddings),Hospitality & Events,"Design & Creative,Business & Finance",2026-06-04T02:41:21.280738+00:00,no,,yes,LOW,Logistics,Supply Chain & Operations / Aviation & Transportation
d5238946-59dd-4ab6-8dc6-f387b774617d,Sports Video Analyst,Gaming & Esports,"Tech & Engineering,Marketing & Communications,Science & Research",2026-04-22T02:52:31.660242+00:00,no,,yes,LOW,Coach,Sports & Fitness / Education & Coaching / Business & Finance / Social Impact & Nonprofit
d534dba4-d70d-4692-a2d0-80de1b56ef7e,Corporate Skills Trainer,Education & Coaching,"Business & Finance,Social Impact & Nonprofit",2026-04-22T02:52:31.660242+00:00,no,,yes,LOW,Software,Tech & Engineering / Gaming & Esports / Cybersecurity
d6802f33-1452-41de-9d0c-2dfe1d04105b,Destination Management Coordinator,Hospitality & Events,"Business & Finance,Media & Journalism",2026-07-10T03:52:06.299925+00:00,no,,yes,LOW,Logistics,Supply Chain & Operations / Aviation & Transportation
d6c81f43-b70b-4288-baa4-96997584b98e,Costume Rental Business Owner,Fashion & Beauty,"Hospitality & Events,Design & Creative",2026-04-22T02:52:29.646164+00:00,no,,yes,LOW,Performer,Arts & Performance / Sports & Fitness
d6dbec66-5c48-4f7e-91d3-f8823b541d61,Import/Export Broker,Business & Finance,"Entrepreneurship,Law & Government",2026-06-22T02:43:32.100659+00:00,no,,yes,LOW,Logistics,Supply Chain & Operations / Aviation & Transportation
d7d04816-9632-44d2-9b80-0365497359be,Fitness Influencer and Content Creator,Gaming & Esports,"Tech & Engineering,Marketing & Communications,Science & Research",2026-04-22T02:52:33.295118+00:00,no,,yes,HIGH,Fitness,Sports & Fitness / Healthcare & Medicine
d7f34fd4-6568-4300-8ac2-5d1cbbc1c0cc,Convention Center Director,Hospitality & Events,Business & Finance,2026-04-22T02:52:34.05043+00:00,no,,yes,LOW,Logistics,Supply Chain & Operations / Aviation & Transportation
d81ed120-361b-4498-8db7-5d60cb017f11,Carbon Offset Project Developer,Environment & Sustainability,"Science & Research,Business & Finance",2026-05-08T02:04:22.222095+00:00,no,,yes,HIGH,Developer,Tech & Engineering / Gaming & Esports / Cybersecurity / Media & Journalism
d955c258-2267-4fc8-b201-99d170807880,Augmented Reality Developer,Hospitality & Events,"Food & Culinary,Marketing & Communications,Architecture & Urban Planning",2026-04-22T02:52:34.465719+00:00,no,,yes,HIGH,Developer,Tech & Engineering / Gaming & Esports / Cybersecurity / Media & Journalism
d9f14271-79f7-4b48-9dc2-37bcccf69356,Coastal Resilience Manager,Environment & Sustainability,"Law & Government,Science & Research",2026-08-07T02:57:38.726222+00:00,no,,yes,LOW,Engineer,Tech & Engineering / Cybersecurity / Gaming & Esports
da133154-f6c2-4bc2-8073-f761be787b6d,Skincare Product Developer,Fashion & Beauty,"Science & Research,Design & Creative",2026-05-21T02:13:29.732824+00:00,no,,yes,HIGH,Developer,Tech & Engineering / Gaming & Esports / Cybersecurity / Media & Journalism
da2ba049-62cc-4e11-b246-860fb41ac88a,Wellness Retreat Organizer,Entrepreneurship,"Hospitality & Events,Healthcare & Medicine",2026-05-18T02:13:04.872876+00:00,no,,yes,LOW,Marketing,Marketing & Communications / Business & Finance / Media & Journalism
da817efe-dda5-4083-a3a1-73fe82c5ddf9,Sustainable Fashion Analyst,Environment & Sustainability,"Business & Finance,Science & Research",2026-06-29T04:28:56.358297+00:00,no,,yes,HIGH,Fashion,Fashion & Beauty / Design & Creative / Arts & Performance
dd07966d-e946-483e-93ad-893d0e0fa1cf,Publisher Relations Manager,Marketing & Communications,"Business & Finance,Design & Creative,Science & Research",2026-04-22T02:52:29.422718+00:00,no,,yes,LOW,Journalist,Media & Journalism
dd29b9e1-d7be-44b7-bec7-ebc26f1b23d9,Accounting Firm Partner,Hospitality & Events,"Food & Culinary,Marketing & Communications,Science & Research",2026-04-22T02:52:29.646164+00:00,no,,yes,LOW,Accountant,Business & Finance
ddde905a-e1db-4dc1-b3ee-41dfe385510a,Skincare Formulation Scientist,Fashion & Beauty,"Science & Research,Healthcare & Medicine",2026-04-24T06:31:00.478174+00:00,no,,yes,LOW,Marketing,Marketing & Communications / Business & Finance / Media & Journalism
de3916da-79a2-4cfe-8ea2-33196b1d1062,Delivery Service Operator,Entrepreneurship,"Business & Finance,Tech & Engineering",2026-06-08T02:38:45.278093+00:00,no,,yes,LOW,Logistics,Supply Chain & Operations / Aviation & Transportation
df44f95c-6347-4d66-95b7-9439390a5d37,Brewery Operations Manager,Entrepreneurship,"Business & Finance,Hospitality & Events",2026-08-07T02:56:26.944931+00:00,no,,yes,HIGH,Brewery,Food & Culinary
dfdc0f7b-c0bb-48e4-9a3a-90210f3b260d,Import-Export Manager,Business & Finance,"Entrepreneurship,Law & Government",2026-07-10T03:52:35.058667+00:00,no,,yes,LOW,Logistics,Supply Chain & Operations / Aviation & Transportation
e05caf1f-f6e0-4333-8491-b39da6340791,Pipe Organ Builder,Tech & Engineering,"Business & Finance,Design & Creative",2026-04-22T02:52:30.264317+00:00,no,,yes,HIGH,Organ Builder,Arts & Performance
e0795c5d-d390-4161-b26f-e427e8dacfb2,Club Manager (Nightlife/Social),Hospitality & Events,"Business & Finance,Entrepreneurship",2026-06-11T02:39:13.522929+00:00,no,,yes,LOW,Logistics,Supply Chain & Operations / Aviation & Transportation
e0efd347-d048-4041-9634-bcd1ee1ca6c1,Wedding Planner (Full Service),Hospitality & Events,"Design & Creative,Business & Finance",2026-06-05T02:15:08.812303+00:00,no,,yes,LOW,Logistics,Supply Chain & Operations / Aviation & Transportation
e1504b12-e050-42e4-a965-e2e24aae6f1b,Beauty Tech Accessibility Auditor,Fashion & Beauty,"Tech & Engineering,Design & Creative",2026-08-13T02:30:28.500946+00:00,no,,yes,HIGH,Auditor,Business & Finance / Law & Government
e1fe98f8-2de6-4cc1-af94-e691ccb5e3e3,Venture Debt Broker,Business & Finance,"Entrepreneurship,Tech & Engineering",2026-07-01T04:24:20.697125+00:00,no,,yes,LOW,Patient,Healthcare & Medicine
e21ba8ab-eb8c-4b03-912f-16e24e4992f9,Medical Device Engineer,Law & Government,"Business & Finance,Social Impact & Nonprofit,Architecture & Urban Planning",2026-04-22T02:52:31.660242+00:00,no,,yes,MEDIUM,Medical,Healthcare & Medicine / Science & Research
e21bcf6a-4a0e-4ce8-9616-17ae70479347,Food Service Director,Hospitality & Events,"Education & Coaching,Business & Finance",2026-04-30T01:59:18.526679+00:00,no,,yes,LOW,Hospital,Healthcare & Medicine
e446d408-6d75-4d45-8e44-fc21fd7c18d3,Puppet Maker,Science & Research,"Healthcare & Medicine,Tech & Engineering,Architecture & Urban Planning",2026-04-22T02:52:32.905098+00:00,no,,yes,LOW,Theater,Arts & Performance
e4d80d16-7fca-4ed6-bac5-2f6b1f751a38,Conductor,Supply Chain & Operations,"Business & Finance,Tech & Engineering,Science & Research",2026-04-22T02:52:34.239097+00:00,no,,yes,LOW,Orchestra,Arts & Performance
e505baa9-22e6-4744-a82c-675b9febf708,Casino Operations Manager,Gaming & Esports,"Tech & Engineering,Marketing & Communications,Science & Research",2026-04-22T02:52:32.905098+00:00,no,,yes,LOW,Compliance,Law & Government / Business & Finance / Healthcare & Medicine / Cybersecurity / Environment & Sustainability / Supply Chain & Operations
e7495886-f28b-4ca6-b8b7-bbb0676f5de9,Insurance Underwriter,Media & Journalism,"Marketing & Communications,Arts & Performance,Science & Research",2026-04-22T02:52:34.239097+00:00,no,,yes,HIGH,Underwriter,Business & Finance
e779ed88-aba7-461f-8c93-4f36e4e45e75,Public Health Nurse,Gaming & Esports,"Tech & Engineering,Marketing & Communications,Science & Research",2026-04-22T02:52:34.465719+00:00,no,,yes,HIGH,Nurse,Healthcare & Medicine
e7bc90b8-e519-4a5a-8bd8-76899e601818,Cultural Programmer (Theater),Arts & Performance,"Hospitality & Events,Education & Coaching",2026-08-05T02:56:12.821494+00:00,no,,yes,HIGH,Programmer,Tech & Engineering / Gaming & Esports
e7d75bf3-4d70-48c5-b247-af4991dd87d4,Investment Banking Analyst,Fashion & Beauty,"Design & Creative,Marketing & Communications,Science & Research",2026-04-22T02:52:31.20659+00:00,no,,yes,HIGH,Investment,Business & Finance
e81dfc1b-8241-4590-98a2-cc9e70d00a30,Set Designer,Environment & Sustainability,"Science & Research,Law & Government,Architecture & Urban Planning",2026-04-22T02:52:33.295118+00:00,no,,yes,LOW,Theater,Arts & Performance
e88cd8b4-b70f-4f61-8331-d1e8cb115cb1,Specialty Food Product Founder,Entrepreneurship,"Business & Finance,Design & Creative",2026-06-28T04:22:18.268218+00:00,no,,yes,LOW,Supply Chain,Supply Chain & Operations
e896f17c-b2a2-412b-a328-4848cd4e7393,Sustainable Supply Chain Startup Founder,Entrepreneurship,"Environment & Sustainability,Tech & Engineering",2026-05-29T02:08:10.631064+00:00,no,,yes,HIGH,Supply Chain,Supply Chain & Operations
e8bf2ab2-adbf-44c8-a8a3-d941c6d9c467,Package Designer (Consumer Goods),Design & Creative,"Fashion & Beauty,Entrepreneurship",2026-06-05T02:14:36.782981+00:00,no,,yes,LOW,Sustainability,Environment & Sustainability / Business & Finance / Supply Chain & Operations / Architecture & Urban Planning
e985178d-2f68-4187-9e74-624dbb57f71d,Occupational Sports Medicine Physician,Gaming & Esports,"Tech & Engineering,Marketing & Communications,Media & Journalism",2026-04-22T02:52:33.087307+00:00,no,,yes,HIGH,Physician,Healthcare & Medicine
eaa2f6ef-96d8-4811-8a52-a85d60ceb2a2,Makeup Brand Developer,Fashion & Beauty,"Design & Creative,Entrepreneurship",2026-04-29T01:58:54.827499+00:00,no,,yes,HIGH,Developer,Tech & Engineering / Gaming & Esports / Cybersecurity / Media & Journalism
eae96896-c49e-4bb9-ab0e-128282f20a72,Community Outreach Manager,Gaming & Esports,"Tech & Engineering,Marketing & Communications,Architecture & Urban Planning",2026-04-22T02:52:31.845128+00:00,no,,yes,LOW,Nonprofit,Social Impact & Nonprofit / Business & Finance
ed0c1c14-e039-4a25-ae6f-d61363c04866,Wig Technician,Fashion & Beauty,"Design & Creative,Marketing & Communications,Science & Research",2026-04-22T02:52:31.845128+00:00,no,,yes,LOW,Performer,Arts & Performance / Sports & Fitness
ed1cc8d6-3285-436b-bb49-aa513ae89fc7,Scenic Artist,Environment & Sustainability,"Science & Research,Law & Government,Architecture & Urban Planning",2026-04-22T02:52:33.86077+00:00,no,,yes,LOW,Theater,Arts & Performance
ed5a5441-0fb8-497d-ac79-7affc15bc9c1,Pickleball Coach,Gaming & Esports,"Tech & Engineering,Marketing & Communications,Architecture & Urban Planning",2026-04-22T02:52:29.206458+00:00,no,,yes,MEDIUM,Coach,Sports & Fitness / Education & Coaching / Business & Finance / Social Impact & Nonprofit
ed69b938-839d-4491-958b-7e7640758fec,Sustainable Supply Chain Auditor,Environment & Sustainability,"Business & Finance,Law & Government",2026-08-12T02:28:03.494339+00:00,no,,yes,HIGH,Supply Chain,Supply Chain & Operations
ee18d98a-0523-4c27-baf7-4319a9d13cf1,Music Venue Promoter,Arts & Performance,"Entrepreneurship,Hospitality & Events",2026-06-27T03:58:39.98683+00:00,no,,yes,LOW,Marketing,Marketing & Communications / Business & Finance / Media & Journalism
ee9ce7be-eae3-4270-8839-341832086c8c,Holiday Event Director,Hospitality & Events,"Design & Creative,Business & Finance",2026-07-05T04:00:25.527162+00:00,no,,yes,LOW,Logistics,Supply Chain & Operations / Aviation & Transportation
f012204d-544d-44b2-8736-b95aa184cfaa,Synthetic Biology Researcher,Science & Research,"Healthcare & Medicine,Environment & Sustainability",2026-04-22T03:27:41.085139+00:00,no,,yes,LOW,Engineer,Tech & Engineering / Cybersecurity / Gaming & Esports
f098a99e-aac4-4332-b699-6f526c428b07,Ecological Restoration Manager,Supply Chain & Operations,"Business & Finance,Tech & Engineering,Architecture & Urban Planning",2026-04-22T02:52:32.680575+00:00,no,,yes,HIGH,Ecolog,Environment & Sustainability / Science & Research
f104c94b-8dd6-450d-92f1-af5b85c81f43,Infectious Disease Specialist,Hospitality & Events,"Food & Culinary,Marketing & Communications,Science & Research",2026-04-22T02:52:29.206458+00:00,no,,yes,LOW,Patient,Healthcare & Medicine
f2647e43-525f-473e-8702-502c9b3a4f74,Live Event Booking Agent,Arts & Performance,"Hospitality & Events,Business & Finance",2026-04-22T02:52:34.465719+00:00,no,,yes,LOW,Logistics,Supply Chain & Operations / Aviation & Transportation
f2af9470-0fa8-4298-bf1a-49f58b63754f,Fleet Manager (Transportation Services),Hospitality & Events,"Business & Finance,Tech & Engineering",2026-07-04T03:40:38.223951+00:00,no,,yes,LOW,Logistics,Supply Chain & Operations / Aviation & Transportation
f32b5930-179a-4b67-8a3c-f94123c5fe16,Recycling Coordinator,Gaming & Esports,"Tech & Engineering,Marketing & Communications,Science & Research",2026-04-22T02:52:29.856816+00:00,no,,yes,LOW,Logistics,Supply Chain & Operations / Aviation & Transportation
f32ff43f-77f0-4665-80af-20ff98cffe1d,Theatrical Prop Designer,Food & Culinary,"Hospitality & Events,Business & Finance,Architecture & Urban Planning",2026-04-22T02:52:32.271017+00:00,no,,yes,LOW,Actor,Arts & Performance / Media & Journalism
f38275ba-94b7-4065-9f6c-5f70c2925573,Logistics Tech Startup Founder,Entrepreneurship,"Tech & Engineering,Business & Finance",2026-04-22T02:52:32.905098+00:00,no,,yes,HIGH,Logistics,Supply Chain & Operations / Aviation & Transportation
f5e8308b-b812-4181-8135-8bcf39c1653a,Live Music Venue Operator,Arts & Performance,"Hospitality & Events,Entrepreneurship",2026-07-26T03:31:17.812266+00:00,no,,yes,LOW,Logistics,Supply Chain & Operations / Aviation & Transportation
f6eb051f-1a81-429c-96fb-3f7cc9427ed3,Shipping and Logistics Startup Founder,Entrepreneurship,"Business & Finance,Tech & Engineering",2026-04-22T02:52:30.264317+00:00,no,,yes,HIGH,Logistics,Supply Chain & Operations / Aviation & Transportation
f6fce658-7a59-4111-8987-79fc822dd96e,Zero-Waste Program Manager,Gaming & Esports,"Tech & Engineering,Marketing & Communications,Science & Research",2026-04-22T02:52:31.20659+00:00,no,,yes,LOW,Sustainability,Environment & Sustainability / Business & Finance / Supply Chain & Operations / Architecture & Urban Planning
f8be7841-5eda-41d0-ae55-c50c231ef74f,Real Estate Developer,Architecture & Urban Planning,"Design & Creative,Environment & Sustainability",2026-04-22T02:52:29.646164+00:00,no,,yes,HIGH,Developer,Tech & Engineering / Gaming & Esports / Cybersecurity / Media & Journalism
f9207d8f-5e09-454d-b5c7-6a5bc7f9a13b,Zero Waste Program Manager,Gaming & Esports,"Tech & Engineering,Marketing & Communications,Science & Research",2026-04-22T02:52:30.264317+00:00,no,,yes,LOW,Sustainability,Environment & Sustainability / Business & Finance / Supply Chain & Operations / Architecture & Urban Planning
f9932587-8489-463d-bac4-09cfb2c48418,Photography Editor,Science & Research,"Healthcare & Medicine,Tech & Engineering",2026-04-22T02:52:34.239097+00:00,no,,yes,MEDIUM,Editor,Media & Journalism / Design & Creative / Arts & Performance / Marketing & Communications
f9b4f944-20d1-4ebd-8fe5-efffdaa36161,Eco-Tourism Developer,Environment & Sustainability,"Hospitality & Events,Entrepreneurship",2026-05-24T02:09:51.590662+00:00,no,,yes,HIGH,Developer,Tech & Engineering / Gaming & Esports / Cybersecurity / Media & Journalism
fa0a7dd6-c086-4ad9-818f-86c3ad0890aa,Event Space Manager,Hospitality & Events,"Business & Finance,Design & Creative",2026-07-22T03:18:51.275667+00:00,no,,yes,LOW,Logistics,Supply Chain & Operations / Aviation & Transportation
faa72a6c-e66c-469e-b34c-306b4a987661,Textile Quality Control Inspector,Fashion & Beauty,"Science & Research,Tech & Engineering",2026-06-20T02:15:40.972769+00:00,no,,yes,MEDIUM,Inspector,Law & Government / Environment & Sustainability / Architecture & Urban Planning / Supply Chain & Operations / Food & Culinary / Aviation & Transportation
fab31a47-63f1-4795-82bf-89dd9d9307e4,Livestream Producer,Gaming & Esports,"Tech & Engineering,Marketing & Communications,Science & Research",2026-04-22T02:52:31.20659+00:00,no,,yes,LOW,Broadcast,Media & Journalism / Arts & Performance
fabf5cf4-578e-4c34-a84c-3e11ce721413,Energy Auditor (Building Efficiency),Environment & Sustainability,"Science & Research,Tech & Engineering",2026-05-29T02:08:20.096588+00:00,no,,yes,HIGH,Auditor,Business & Finance / Law & Government
fb1ec28c-e5f6-4154-aff4-b76d6cdb87ec,Artisanal Bread Baker,Entrepreneurship,"Hospitality & Events,Design & Creative",2026-08-07T02:54:59.539218+00:00,no,,yes,HIGH,Baker,Food & Culinary
fc26485a-f56f-4d89-9c75-24e7bfca2357,Sustainable Fashion Material Developer,Environment & Sustainability,"Science & Research,Fashion & Beauty",2026-07-22T03:18:28.386662+00:00,no,,yes,HIGH,Developer,Tech & Engineering / Gaming & Esports / Cybersecurity / Media & Journalism
fc461607-e316-41a3-870a-08db829e75db,Virtual School Principal,Gaming & Esports,"Tech & Engineering,Marketing & Communications,Architecture & Urban Planning",2026-04-22T02:52:31.660242+00:00,no,,yes,LOW,Curriculum,Education & Coaching
fcc99fdf-918e-4c9b-a4f4-799b29b70175,Municipal Planner,Gaming & Esports,"Tech & Engineering,Marketing & Communications,Science & Research",2026-04-22T02:52:30.47108+00:00,no,,yes,LOW,Sustainability,Environment & Sustainability / Business & Finance / Supply Chain & Operations / Architecture & Urban Planning
fd6b411b-c014-4341-9986-64f78646df6f,Tech Reviewer/Blogger,Media & Journalism,"Marketing & Communications,Arts & Performance,Law & Government",2026-04-22T02:52:31.20659+00:00,no,,yes,LOW,Software,Tech & Engineering / Gaming & Esports / Cybersecurity
fdc8d265-f1e6-4ef2-9887-0b373e2ceac4,Supply Chain Finance Specialist,Business & Finance,"Tech & Engineering,Entrepreneurship",2026-04-26T06:30:00.312297+00:00,no,,yes,HIGH,Supply Chain,Supply Chain & Operations
fdfb63da-723e-41f4-9471-2ea2b390fa1f,Meal Kit Delivery Entrepreneur,Entrepreneurship,"Business & Finance,Hospitality & Events",2026-05-18T02:12:47.891207+00:00,no,,yes,LOW,Logistics,Supply Chain & Operations / Aviation & Transportation
fe09d3cb-afad-4628-911c-017a62b780d9,Set Designer (Film & TV),Science & Research,"Healthcare & Medicine,Tech & Engineering,Architecture & Urban Planning",2026-04-22T02:52:30.082186+00:00,no,,yes,LOW,Actor,Arts & Performance / Media & Journalism
fe59c161-6d94-4432-b358-ee70254c3c73,Subscription Meal Service Founder,Entrepreneurship,"Business & Finance,Hospitality & Events",2026-06-22T03:23:37.439706+00:00,no,,yes,LOW,Logistics,Supply Chain & Operations / Aviation & Transportation
